date,time,home_team,home_goals,away_goals,away_team,home_odds,draw_odds,away_odds,result,first_choice_odds,second_choice_odds,third_choice_odds,winning_odds,home_returns,draw_returns,away_returns,first_choice_returns,second_choice_returns,third_choice_returns,home_returns_running_total,draw_returns_running_total,away_returns_running_total,first_choice_returns_running_total,second_choice_returns_running_total,third_choice_returns_running_total,random_choice_1,random_choice_1_returns,random_choice_1_running_balance
2023-08-11,18:30:00,Almeria,0,2,Rayo Vallecano,2.6,3.15,2.83,away_win,2.6,2.83,3.15,2.83,-10.0,-10.0,18.3,-10.0,18.3,-10.0,-10.0,-10.0,18.3,-10.0,18.3,-10.0,draw,-10.0,-10.0
2023-08-11,21:00:00,Sevilla,1,2,Valencia,1.92,3.32,4.31,away_win,1.92,3.32,4.31,4.31,-10.0,-10.0,33.1,-10.0,-10.0,33.1,-20.0,-20.0,51.4,-20.0,8.3,23.1,home_win,-10.0,-20.0
2023-08-12,18:30:00,Las Palmas,1,1,Mallorca,2.53,2.85,3.22,draw,2.53,2.85,3.22,2.85,-10.0,18.5,-10.0,-10.0,18.5,-10.0,-30.0,-1.5,41.4,-30.0,26.8,13.1,draw,18.5,-1.5
2023-08-12,16:00:00,Real Sociedad,1,1,Girona,1.79,3.55,4.69,draw,1.79,3.55,4.69,3.55,-10.0,25.5,-10.0,-10.0,25.5,-10.0,-40.0,24.0,31.4,-40.0,52.3,3.1,draw,25.5,24.0
2023-08-12,20:30:00,Ath Bilbao,0,2,Real Madrid,3.23,3.39,2.21,away_win,2.21,3.23,3.39,2.21,-10.0,-10.0,12.1,12.1,-10.0,-10.0,-50.0,14.0,43.5,-27.9,42.3,-6.9,away_win,12.1,36.1
2023-08-13,20:30:00,Getafe,0,0,Barcelona,6.9,3.9,1.53,draw,1.53,3.9,6.9,3.9,-10.0,29.0,-10.0,-10.0,29.0,-10.0,-60.0,43.0,33.5,-37.9,71.3,-16.9,draw,29.0,65.1
2023-08-13,16:00:00,Celta Vigo,0,2,Osasuna,2.08,3.15,3.85,away_win,2.08,3.15,3.85,3.85,-10.0,-10.0,28.5,-10.0,-10.0,28.5,-70.0,33.0,62.0,-47.9,61.3,11.6,home_win,-10.0,55.1
2023-08-13,18:30:00,Villarreal,1,2,Betis,1.72,3.89,4.64,away_win,1.72,3.89,4.64,4.64,-10.0,-10.0,36.4,-10.0,-10.0,36.4,-80.0,23.0,98.4,-57.9,51.3,48.0,home_win,-10.0,45.1
2023-08-14,18:30:00,Cadiz CF,1,0,Alaves,2.25,2.94,3.72,home_win,2.25,2.94,3.72,2.25,12.5,-10.0,-10.0,12.5,-10.0,-10.0,-67.5,13.0,88.4,-45.4,41.3,38.0,home_win,12.5,57.6
2023-08-14,20:30:00,Atl. Madrid,3,1,Granada CF,1.31,5.39,9.59,home_win,1.31,5.39,9.59,1.31,3.1,-10.0,-10.0,3.1,-10.0,-10.0,-64.4,3.0,78.4,-42.3,31.3,28.0,away_win,-10.0,47.6
2023-08-18,18:30:00,Mallorca,0,1,Villarreal,2.72,3.19,2.7,away_win,2.7,2.72,3.19,2.7,-10.0,-10.0,17.0,17.0,-10.0,-10.0,-74.4,-7.0,95.4,-25.3,21.3,18.0,home_win,-10.0,37.6
2023-08-18,20:30:00,Valencia,1,0,Las Palmas,1.59,3.84,6.18,home_win,1.59,3.84,6.18,1.59,5.9,-10.0,-10.0,5.9,-10.0,-10.0,-68.5,-17.0,85.4,-19.4,11.3,8.0,draw,-10.0,27.6
2023-08-19,16:00:00,Real Sociedad,1,1,Celta Vigo,1.68,3.49,5.93,draw,1.68,3.49,5.93,3.49,-10.0,24.9,-10.0,-10.0,24.9,-10.0,-78.5,7.9,75.4,-29.4,36.2,-2.0,home_win,-10.0,17.6
2023-08-19,18:30:00,Almeria,1,3,Real Madrid,7.08,5.04,1.4,away_win,1.4,5.04,7.08,1.4,-10.0,-10.0,4.0,4.0,-10.0,-10.0,-88.5,-2.1,79.4,-25.4,26.2,-12.0,draw,-10.0,7.6
2023-08-19,20:30:00,Osasuna,0,2,Ath Bilbao,2.87,2.95,2.72,away_win,2.72,2.87,2.95,2.72,-10.0,-10.0,17.2,17.2,-10.0,-10.0,-98.5,-12.1,96.6,-8.2,16.2,-22.0,draw,-10.0,-2.4
2023-08-20,18:00:00,Girona,3,0,Getafe,1.93,3.14,4.7,home_win,1.93,3.14,4.7,1.93,9.3,-10.0,-10.0,9.3,-10.0,-10.0,-89.2,-22.1,86.6,1.1,6.2,-32.0,home_win,9.3,6.9
2023-08-20,18:30:00,Barcelona,2,0,Cadiz CF,1.25,5.97,12.2,home_win,1.25,5.97,12.2,1.25,2.5,-10.0,-10.0,2.5,-10.0,-10.0,-86.7,-32.1,76.6,3.6,-3.8,-42.0,away_win,-10.0,-3.1
2023-08-20,20:30:00,Betis,0,0,Atl. Madrid,3.68,3.45,2.04,draw,2.04,3.45,3.68,3.45,-10.0,24.5,-10.0,-10.0,24.5,-10.0,-96.7,-7.6,66.6,-6.4,20.7,-52.0,draw,24.5,21.4
2023-08-21,20:30:00,Granada CF,0,2,Rayo Vallecano,2.81,3.07,2.7,away_win,2.7,2.81,3.07,2.7,-10.0,-10.0,17.0,17.0,-10.0,-10.0,-106.7,-17.6,83.6,10.6,10.7,-62.0,draw,-10.0,11.4
2023-08-21,18:00:00,Alaves,4,3,Sevilla,3.33,3.03,2.37,home_win,2.37,3.03,3.33,3.33,23.3,-10.0,-10.0,-10.0,-10.0,23.3,-83.4,-27.6,73.6,0.6,0.7,-38.7,away_win,-10.0,1.4
2023-08-25,20:30:00,Celta Vigo,0,1,Real Madrid,4.32,3.78,1.8,away_win,1.8,3.78,4.32,1.8,-10.0,-10.0,8.0,8.0,-10.0,-10.0,-93.4,-37.6,81.6,8.6,-9.3,-48.7,draw,-10.0,-8.6
2023-08-25,18:30:00,Las Palmas,0,0,Real Sociedad,4.35,3.26,1.94,draw,1.94,3.26,4.35,3.26,-10.0,22.6,-10.0,-10.0,22.6,-10.0,-103.4,-15.0,71.6,-1.4,13.3,-58.7,away_win,-10.0,-18.6
2023-08-26,18:00:00,Cadiz CF,1,1,Almeria,2.16,3.32,3.51,draw,2.16,3.32,3.51,3.32,-10.0,23.2,-10.0,-10.0,23.2,-10.0,-113.4,8.2,61.6,-11.4,36.5,-68.7,draw,23.2,4.6
2023-08-26,18:30:00,Granada CF,3,2,Mallorca,2.69,2.91,2.96,home_win,2.69,2.91,2.96,2.69,16.9,-10.0,-10.0,16.9,-10.0,-10.0,-96.5,-1.8,51.6,5.5,26.5,-78.7,away_win,-10.0,-5.4
2023-08-26,20:30:00,Sevilla,1,2,Girona,1.93,3.49,4.02,away_win,1.93,3.49,4.02,4.02,-10.0,-10.0,30.2,-10.0,-10.0,30.2,-106.5,-11.8,81.8,-4.5,16.5,-48.5,home_win,-10.0,-15.4
2023-08-27,16:30:00,Villarreal,3,4,Barcelona,3.38,3.66,2.07,away_win,2.07,3.38,3.66,2.07,-10.0,-10.0,10.7,10.7,-10.0,-10.0,-116.5,-21.8,92.5,6.2,6.5,-58.5,draw,-10.0,-25.4
2023-08-27,18:30:00,Valencia,1,2,Osasuna,1.78,3.34,5.17,away_win,1.78,3.34,5.17,5.17,-10.0,-10.0,41.7,-10.0,-10.0,41.7,-126.5,-31.8,134.2,-3.8,-3.5,-16.8,away_win,41.7,16.3
2023-08-27,20:30:00,Ath Bilbao,4,2,Betis,1.93,3.41,4.14,home_win,1.93,3.41,4.14,1.93,9.3,-10.0,-10.0,9.3,-10.0,-10.0,-117.2,-41.8,124.2,5.5,-13.5,-26.8,draw,-10.0,6.3
2023-08-28,18:30:00,Getafe,1,0,Alaves,2.47,2.65,3.71,home_win,2.47,2.65,3.71,2.47,14.7,-10.0,-10.0,14.7,-10.0,-10.0,-102.5,-51.8,114.2,20.2,-23.5,-36.8,draw,-10.0,-3.7
2023-08-28,20:30:00,Rayo Vallecano,0,7,Atl. Madrid,3.98,3.28,2.03,away_win,2.03,3.28,3.98,2.03,-10.0,-10.0,10.3,10.3,-10.0,-10.0,-112.5,-61.8,124.5,30.5,-33.5,-46.8,home_win,-10.0,-13.7
2023-09-01,18:30:00,Cadiz CF,3,1,Villarreal,3.22,3.49,2.2,home_win,2.2,3.22,3.49,3.22,22.2,-10.0,-10.0,-10.0,22.2,-10.0,-90.3,-71.8,114.5,20.5,-11.3,-56.8,away_win,-10.0,-23.7
2023-09-01,21:00:00,Almeria,2,3,Celta Vigo,2.85,3.3,2.5,away_win,2.5,2.85,3.3,2.5,-10.0,-10.0,15.0,15.0,-10.0,-10.0,-100.3,-81.8,129.5,35.5,-21.3,-66.8,home_win,-10.0,-33.7
2023-09-02,13:00:00,Real Sociedad,5,3,Granada CF,1.43,4.5,7.73,home_win,1.43,4.5,7.73,1.43,4.3,-10.0,-10.0,4.3,-10.0,-10.0,-96.0,-91.8,119.5,39.8,-31.3,-76.8,draw,-10.0,-43.7
2023-09-02,15:15:00,Real Madrid,2,1,Getafe,1.34,4.81,10.1,home_win,1.34,4.81,10.1,1.34,3.4,-10.0,-10.0,3.4,-10.0,-10.0,-92.6,-101.8,109.5,43.2,-41.3,-86.8,away_win,-10.0,-53.7
2023-09-02,17:30:00,Alaves,1,0,Valencia,3.17,2.91,2.56,home_win,2.56,2.91,3.17,3.17,21.7,-10.0,-10.0,-10.0,-10.0,21.7,-70.9,-111.8,99.5,33.2,-51.3,-65.1,home_win,21.7,-32.0
2023-09-02,20:00:00,Betis,1,0,Rayo Vallecano,2.03,3.32,3.91,home_win,2.03,3.32,3.91,2.03,10.3,-10.0,-10.0,10.3,-10.0,-10.0,-60.6,-121.8,89.5,43.5,-61.3,-75.1,away_win,-10.0,-42.0
2023-09-03,13:00:00,Girona,1,0,Las Palmas,1.71,3.8,4.99,home_win,1.71,3.8,4.99,1.71,7.1,-10.0,-10.0,7.1,-10.0,-10.0,-53.5,-131.8,79.5,50.6,-71.3,-85.1,away_win,-10.0,-52.0
2023-09-03,15:15:00,Mallorca,0,0,Ath Bilbao,3.09,2.95,2.57,draw,2.57,2.95,3.09,2.95,-10.0,19.5,-10.0,-10.0,19.5,-10.0,-63.5,-112.3,69.5,40.6,-51.8,-95.1,home_win,-10.0,-62.0
2023-09-03,20:00:00,Osasuna,1,2,Barcelona,6.5,4.44,1.5,away_win,1.5,4.44,6.5,1.5,-10.0,-10.0,5.0,5.0,-10.0,-10.0,-73.5,-122.3,74.5,45.6,-61.8,-105.1,draw,-10.0,-72.0
2023-09-15,20:00:00,Rayo Vallecano,2,0,Alaves,2.02,3.15,4.16,home_win,2.02,3.15,4.16,2.02,10.2,-10.0,-10.0,10.2,-10.0,-10.0,-63.3,-132.3,64.5,55.8,-71.8,-115.1,away_win,-10.0,-82.0
2023-09-16,13:00:00,Ath Bilbao,3,0,Cadiz CF,1.56,3.84,6.55,home_win,1.56,3.84,6.55,1.56,5.6,-10.0,-10.0,5.6,-10.0,-10.0,-57.7,-142.3,54.5,61.4,-81.8,-125.1,draw,-10.0,-92.0
2023-09-16,15:15:00,Valencia,3,0,Atl. Madrid,3.43,3.21,2.22,home_win,2.22,3.21,3.43,3.43,24.3,-10.0,-10.0,-10.0,-10.0,24.3,-33.4,-152.3,44.5,51.4,-91.8,-100.8,home_win,24.3,-67.7
2023-09-16,17:30:00,Celta Vigo,0,1,Mallorca,2.03,3.1,4.2,away_win,2.03,3.1,4.2,4.2,-10.0,-10.0,32.0,-10.0,-10.0,32.0,-43.4,-162.3,76.5,41.4,-101.8,-68.8,home_win,-10.0,-77.7
2023-09-16,20:00:00,Barcelona,5,0,Betis,1.29,5.72,9.7,home_win,1.29,5.72,9.7,1.29,2.9,-10.0,-10.0,2.9,-10.0,-10.0,-40.5,-172.3,66.5,44.3,-111.8,-78.8,draw,-10.0,-87.7
2023-09-17,20:00:00,Real Madrid,2,1,Real Sociedad,1.72,3.75,4.87,home_win,1.72,3.75,4.87,1.72,7.2,-10.0,-10.0,7.2,-10.0,-10.0,-33.3,-182.3,56.5,51.5,-121.8,-88.8,home_win,7.2,-80.5
2023-09-17,13:00:00,Getafe,3,2,Osasuna,2.58,2.83,3.2,home_win,2.58,2.83,3.2,2.58,15.8,-10.0,-10.0,15.8,-10.0,-10.0,-17.5,-192.3,46.5,67.3,-131.8,-98.8,home_win,15.8,-64.7
2023-09-17,15:15:00,Villarreal,2,1,Almeria,1.48,4.83,5.86,home_win,1.48,4.83,5.86,1.48,4.8,-10.0,-10.0,4.8,-10.0,-10.0,-12.7,-202.3,36.5,72.1,-141.8,-108.8,home_win,4.8,-59.9
2023-09-17,17:30:00,Sevilla,1,0,Las Palmas,1.57,4.02,6.01,home_win,1.57,4.02,6.01,1.57,5.7,-10.0,-10.0,5.7,-10.0,-10.0,-7.0,-212.3,26.5,77.8,-151.8,-118.8,away_win,-10.0,-69.9
2023-09-18,20:00:00,Granada CF,2,4,Girona,2.83,3.5,2.42,away_win,2.42,2.83,3.5,2.42,-10.0,-10.0,14.2,14.2,-10.0,-10.0,-17.0,-222.3,40.7,92.0,-161.8,-128.8,draw,-10.0,-79.9
2023-09-22,20:00:00,Alaves,0,2,Ath Bilbao,4.18,3.05,2.04,away_win,2.04,3.05,4.18,2.04,-10.0,-10.0,10.4,10.4,-10.0,-10.0,-27.0,-232.3,51.1,102.4,-171.8,-138.8,away_win,10.4,-69.5
2023-09-23,13:00:00,Girona,5,3,Mallorca,1.88,3.29,4.53,home_win,1.88,3.29,4.53,1.88,8.8,-10.0,-10.0,8.8,-10.0,-10.0,-18.2,-242.3,41.1,111.2,-181.8,-148.8,draw,-10.0,-79.5
2023-09-23,15:15:00,Osasuna,0,0,Sevilla,2.34,3.17,3.21,draw,2.34,3.17,3.21,3.17,-10.0,21.7,-10.0,-10.0,21.7,-10.0,-28.2,-220.6,31.1,101.2,-160.1,-158.8,draw,21.7,-57.8
2023-09-23,17:30:00,Barcelona,3,2,Celta Vigo,1.24,6.26,11.7,home_win,1.24,6.26,11.7,1.24,2.4,-10.0,-10.0,2.4,-10.0,-10.0,-25.8,-230.6,21.1,103.6,-170.1,-168.8,away_win,-10.0,-67.8
2023-09-23,20:00:00,Almeria,2,2,Valencia,2.72,3.29,2.58,draw,2.58,2.72,3.29,3.29,-10.0,22.9,-10.0,-10.0,-10.0,22.9,-35.8,-207.7,11.1,93.6,-180.1,-145.9,home_win,-10.0,-77.8
2023-09-24,20:00:00,Atl. Madrid,3,1,Real Madrid,2.77,3.28,2.57,home_win,2.57,2.77,3.28,2.77,17.7,-10.0,-10.0,-10.0,17.7,-10.0,-18.1,-217.7,1.1,83.6,-162.4,-155.9,draw,-10.0,-87.8
2023-09-24,17:30:00,Betis,1,1,Cadiz CF,1.76,3.53,4.77,draw,1.76,3.53,4.77,3.53,-10.0,25.3,-10.0,-10.0,25.3,-10.0,-28.1,-192.4,-8.9,73.6,-137.1,-165.9,home_win,-10.0,-97.8
2023-09-24,17:30:00,Las Palmas,1,0,Granada CF,1.94,3.52,3.88,home_win,1.94,3.52,3.88,1.94,9.4,-10.0,-10.0,9.4,-10.0,-10.0,-18.7,-202.4,-18.9,83.0,-147.1,-175.9,draw,-10.0,-107.8
2023-09-24,13:00:00,Real Sociedad,4,3,Getafe,1.67,3.34,6.52,home_win,1.67,3.34,6.52,1.67,6.7,-10.0,-10.0,6.7,-10.0,-10.0,-12.0,-212.4,-28.9,89.7,-157.1,-185.9,draw,-10.0,-117.8
2023-09-24,15:15:00,Rayo Vallecano,1,1,Villarreal,2.51,3.43,2.71,draw,2.51,2.71,3.43,3.43,-10.0,24.3,-10.0,-10.0,-10.0,24.3,-22.0,-188.1,-38.9,79.7,-167.1,-161.6,home_win,-10.0,-127.8
2023-09-26,20:30:00,Mallorca,2,2,Barcelona,7.14,4.32,1.47,draw,1.47,4.32,7.14,4.32,-10.0,33.2,-10.0,-10.0,33.2,-10.0,-32.0,-154.9,-48.9,69.7,-133.9,-171.6,home_win,-10.0,-137.8
2023-09-26,18:00:00,Sevilla,5,1,Almeria,1.67,3.95,5.06,home_win,1.67,3.95,5.06,1.67,6.7,-10.0,-10.0,6.7,-10.0,-10.0,-25.3,-164.9,-58.9,76.4,-143.9,-181.6,away_win,-10.0,-147.8
2023-09-27,18:00:00,Villarreal,1,2,Girona,2.12,3.64,3.29,away_win,2.12,3.29,3.64,3.29,-10.0,-10.0,22.9,-10.0,22.9,-10.0,-35.3,-174.9,-36.0,66.4,-121.0,-191.6,draw,-10.0,-157.8
2023-09-27,18:00:00,Real Madrid,2,0,Las Palmas,1.16,7.78,17.55,home_win,1.16,7.78,17.55,1.16,1.6,-10.0,-10.0,1.6,-10.0,-10.0,-33.7,-184.9,-46.0,68.0,-131.0,-201.6,away_win,-10.0,-167.8
2023-09-27,18:00:00,Ath Bilbao,2,2,Getafe,1.51,3.97,7.37,draw,1.51,3.97,7.37,3.97,-10.0,29.7,-10.0,-10.0,29.7,-10.0,-43.7,-155.2,-56.0,58.0,-101.3,-211.6,away_win,-10.0,-177.8
2023-09-27,20:30:00,Valencia,0,1,Real Sociedad,2.48,2.99,3.18,away_win,2.48,2.99,3.18,3.18,-10.0,-10.0,21.8,-10.0,-10.0,21.8,-53.7,-165.2,-34.2,48.0,-111.3,-189.8,away_win,21.8,-156.0
2023-09-27,20:30:00,Cadiz CF,0,0,Rayo Vallecano,2.59,3.07,2.94,draw,2.59,2.94,3.07,3.07,-10.0,20.7,-10.0,-10.0,-10.0,20.7,-63.7,-144.5,-44.2,38.0,-121.3,-169.1,draw,20.7,-135.3
2023-09-28,18:00:00,Granada CF,1,1,Betis,2.73,3.38,2.57,draw,2.57,2.73,3.38,3.38,-10.0,23.8,-10.0,-10.0,-10.0,23.8,-73.7,-120.7,-54.2,28.0,-131.3,-145.3,draw,23.8,-111.5
2023-09-28,18:00:00,Celta Vigo,1,1,Alaves,1.59,3.75,6.56,draw,1.59,3.75,6.56,3.75,-10.0,27.5,-10.0,-10.0,27.5,-10.0,-83.7,-93.2,-64.2,18.0,-103.8,-155.3,home_win,-10.0,-121.5
2023-09-28,20:30:00,Osasuna,0,2,Atl. Madrid,4.0,3.38,1.99,away_win,1.99,3.38,4.0,1.99,-10.0,-10.0,9.9,9.9,-10.0,-10.0,-93.7,-103.2,-54.3,27.9,-113.8,-165.3,draw,-10.0,-131.5
2023-09-29,20:00:00,Barcelona,1,0,Sevilla,1.34,5.43,8.26,home_win,1.34,5.43,8.26,1.34,3.4,-10.0,-10.0,3.4,-10.0,-10.0,-90.3,-113.2,-64.3,31.3,-123.8,-175.3,draw,-10.0,-141.5
2023-09-30,20:00:00,Real Sociedad,3,0,Ath Bilbao,2.24,3.08,3.56,home_win,2.24,3.08,3.56,2.24,12.4,-10.0,-10.0,12.4,-10.0,-10.0,-77.9,-123.2,-74.3,43.7,-133.8,-185.3,away_win,-10.0,-151.5
2023-09-30,13:00:00,Getafe,0,0,Villarreal,2.75,3.11,2.73,draw,2.73,2.75,3.11,3.11,-10.0,21.1,-10.0,-10.0,-10.0,21.1,-87.9,-102.1,-84.3,33.7,-143.8,-164.2,home_win,-10.0,-161.5
2023-09-30,15:15:00,Rayo Vallecano,2,2,Mallorca,1.98,3.21,4.24,draw,1.98,3.21,4.24,3.21,-10.0,22.1,-10.0,-10.0,22.1,-10.0,-97.9,-80.0,-94.3,23.7,-121.7,-174.2,draw,22.1,-139.4
2023-09-30,17:30:00,Girona,0,3,Real Madrid,3.93,3.93,1.84,away_win,1.84,3.93,3.93,1.84,-10.0,-10.0,8.4,8.4,-10.0,-10.0,-107.9,-90.0,-85.9,32.1,-131.7,-184.2,away_win,8.4,-131.0
2023-10-01,13:00:00,Almeria,3,3,Granada CF,1.92,3.73,3.81,draw,1.92,3.73,3.81,3.73,-10.0,27.3,-10.0,-10.0,27.3,-10.0,-117.9,-62.7,-95.9,22.1,-104.4,-194.2,away_win,-10.0,-141.0
2023-10-01,15:15:00,Alaves,0,2,Osasuna,2.47,3.0,3.18,away_win,2.47,3.0,3.18,3.18,-10.0,-10.0,21.8,-10.0,-10.0,21.8,-127.9,-72.7,-74.1,12.1,-114.4,-172.4,away_win,21.8,-119.2
2023-10-01,20:00:00,Betis,3,0,Valencia,2.05,3.25,3.92,home_win,2.05,3.25,3.92,2.05,10.5,-10.0,-10.0,10.5,-10.0,-10.0,-117.4,-82.7,-84.1,22.6,-124.4,-182.4,home_win,10.5,-108.7
2023-10-01,20:00:00,Atl. Madrid,3,2,Cadiz CF,1.32,5.23,9.93,home_win,1.32,5.23,9.93,1.32,3.2,-10.0,-10.0,3.2,-10.0,-10.0,-114.2,-92.7,-94.1,25.8,-134.4,-192.4,away_win,-10.0,-118.7
2023-10-02,20:00:00,Las Palmas,2,1,Celta Vigo,2.89,3.12,2.6,home_win,2.6,2.89,3.12,2.89,18.9,-10.0,-10.0,-10.0,18.9,-10.0,-95.3,-102.7,-104.1,15.8,-115.5,-202.4,away_win,-10.0,-128.7
2023-10-06,20:00:00,Ath Bilbao,3,0,Almeria,1.29,5.69,10.08,home_win,1.29,5.69,10.08,1.29,2.9,-10.0,-10.0,2.9,-10.0,-10.0,-92.4,-112.7,-114.1,18.7,-125.5,-212.4,away_win,-10.0,-138.7
2023-10-07,17:30:00,Mallorca,1,1,Valencia,2.47,2.97,3.2,draw,2.47,2.97,3.2,2.97,-10.0,19.7,-10.0,-10.0,19.7,-10.0,-102.4,-93.0,-124.1,8.7,-105.8,-222.4,draw,19.7,-119.0
2023-10-07,20:00:00,Sevilla,2,2,Rayo Vallecano,1.83,3.63,4.4,draw,1.83,3.63,4.4,3.63,-10.0,26.3,-10.0,-10.0,26.3,-10.0,-112.4,-66.7,-134.1,-1.3,-79.5,-232.4,away_win,-10.0,-129.0
2023-10-07,13:00:00,Cadiz CF,0,1,Girona,3.28,3.38,2.22,away_win,2.22,3.28,3.38,2.22,-10.0,-10.0,12.2,12.2,-10.0,-10.0,-122.4,-76.7,-121.9,10.9,-89.5,-242.4,home_win,-10.0,-139.0
2023-10-07,15:15:00,Real Madrid,4,0,Osasuna,1.26,6.03,11.25,home_win,1.26,6.03,11.25,1.26,2.6,-10.0,-10.0,2.6,-10.0,-10.0,-119.8,-86.7,-131.9,13.5,-99.5,-252.4,away_win,-10.0,-149.0
2023-10-08,13:00:00,Villarreal,1,2,Las Palmas,1.61,4.06,5.48,away_win,1.61,4.06,5.48,5.48,-10.0,-10.0,44.8,-10.0,-10.0,44.8,-129.8,-96.7,-87.1,3.5,-109.5,-207.6,away_win,44.8,-104.2
2023-10-08,15:15:00,Atl. Madrid,2,1,Real Sociedad,1.97,3.32,4.12,home_win,1.97,3.32,4.12,1.97,9.7,-10.0,-10.0,9.7,-10.0,-10.0,-120.1,-106.7,-97.1,13.2,-119.5,-217.6,away_win,-10.0,-114.2
2023-10-08,17:30:00,Celta Vigo,2,2,Getafe,1.99,3.24,4.16,draw,1.99,3.24,4.16,3.24,-10.0,22.4,-10.0,-10.0,22.4,-10.0,-130.1,-84.3,-107.1,3.2,-97.1,-227.6,home_win,-10.0,-124.2
2023-10-08,17:30:00,Alaves,1,1,Betis,2.5,3.19,2.96,draw,2.5,2.96,3.19,3.19,-10.0,21.9,-10.0,-10.0,-10.0,21.9,-140.1,-62.4,-117.1,-6.8,-107.1,-205.7,draw,21.9,-102.3
2023-10-08,20:00:00,Granada CF,2,2,Barcelona,6.93,5.08,1.41,draw,1.41,5.08,6.93,5.08,-10.0,40.8,-10.0,-10.0,40.8,-10.0,-150.1,-21.6,-127.1,-16.8,-66.3,-215.7,away_win,-10.0,-112.3
2023-10-20,20:00:00,Osasuna,2,0,Granada CF,1.66,3.86,5.39,home_win,1.66,3.86,5.39,1.66,6.6,-10.0,-10.0,6.6,-10.0,-10.0,-143.5,-31.6,-137.1,-10.2,-76.3,-225.7,draw,-10.0,-122.3
2023-10-21,13:00:00,Real Sociedad,1,0,Mallorca,1.61,3.58,6.6,home_win,1.61,3.58,6.6,1.61,6.1,-10.0,-10.0,6.1,-10.0,-10.0,-137.4,-41.6,-147.1,-4.1,-86.3,-235.7,draw,-10.0,-132.3
2023-10-21,15:15:00,Getafe,1,1,Betis,2.38,3.11,3.26,draw,2.38,3.11,3.26,3.11,-10.0,21.1,-10.0,-10.0,21.1,-10.0,-147.4,-20.5,-157.1,-14.1,-65.2,-245.7,draw,21.1,-111.2
2023-10-21,17:30:00,Sevilla,1,1,Real Madrid,4.55,4.04,1.72,draw,1.72,4.04,4.55,4.04,-10.0,30.4,-10.0,-10.0,30.4,-10.0,-157.4,9.9,-167.1,-24.1,-34.8,-255.7,home_win,-10.0,-121.2
2023-10-21,20:00:00,Celta Vigo,0,3,Atl. Madrid,3.35,3.43,2.17,away_win,2.17,3.35,3.43,2.17,-10.0,-10.0,11.7,11.7,-10.0,-10.0,-167.4,-0.1,-155.4,-12.4,-44.8,-265.7,draw,-10.0,-131.2
2023-10-22,20:00:00,Barcelona,1,0,Ath Bilbao,1.85,3.74,4.14,home_win,1.85,3.74,4.14,1.85,8.5,-10.0,-10.0,8.5,-10.0,-10.0,-158.9,-10.1,-165.4,-3.9,-54.8,-275.7,draw,-10.0,-141.2
2023-10-22,15:15:00,Girona,5,2,Almeria,1.37,5.06,7.91,home_win,1.37,5.06,7.91,1.37,3.7,-10.0,-10.0,3.7,-10.0,-10.0,-155.2,-20.1,-175.4,-0.2,-64.8,-285.7,draw,-10.0,-151.2
2023-10-22,13:00:00,Las Palmas,0,1,Rayo Vallecano,2.59,3.02,3.0,away_win,2.59,3.0,3.02,3.0,-10.0,-10.0,20.0,-10.0,20.0,-10.0,-165.2,-30.1,-155.4,-10.2,-44.8,-295.7,draw,-10.0,-161.2
2023-10-22,17:30:00,Villarreal,1,1,Alaves,2.03,3.38,3.82,draw,2.03,3.38,3.82,3.38,-10.0,23.8,-10.0,-10.0,23.8,-10.0,-175.2,-6.3,-165.4,-20.2,-21.0,-305.7,home_win,-10.0,-171.2
2023-10-23,20:00:00,Valencia,2,0,Cadiz CF,1.67,3.59,5.8,home_win,1.67,3.59,5.8,1.67,6.7,-10.0,-10.0,6.7,-10.0,-10.0,-168.5,-16.3,-175.4,-13.5,-31.0,-315.7,away_win,-10.0,-181.2
2023-10-27,20:00:00,Girona,1,0,Celta Vigo,1.71,4.0,4.6,home_win,1.71,4.0,4.6,1.71,7.1,-10.0,-10.0,7.1,-10.0,-10.0,-161.4,-26.3,-185.4,-6.4,-41.0,-325.7,draw,-10.0,-191.2
2023-10-28,13:00:00,Almeria,1,2,Las Palmas,2.29,3.29,3.23,away_win,2.29,3.23,3.29,3.23,-10.0,-10.0,22.3,-10.0,22.3,-10.0,-171.4,-36.3,-163.1,-16.4,-18.7,-335.7,draw,-10.0,-201.2
2023-10-28,15:15:00,Barcelona,1,2,Real Madrid,2.57,3.51,2.66,away_win,2.57,2.66,3.51,2.66,-10.0,-10.0,16.6,-10.0,16.6,-10.0,-181.4,-46.3,-146.5,-26.4,-2.1,-345.7,away_win,16.6,-184.6
2023-10-28,17:30:00,Mallorca,0,0,Getafe,2.26,2.96,3.73,draw,2.26,2.96,3.73,2.96,-10.0,19.6,-10.0,-10.0,19.6,-10.0,-191.4,-26.7,-156.5,-36.4,17.5,-355.7,home_win,-10.0,-194.6
2023-10-28,20:00:00,Cadiz CF,2,2,Sevilla,3.79,3.32,2.05,draw,2.05,3.32,3.79,3.32,-10.0,23.2,-10.0,-10.0,23.2,-10.0,-201.4,-3.5,-166.5,-46.4,40.7,-365.7,away_win,-10.0,-204.6
2023-10-29,13:00:00,Betis,2,1,Osasuna,1.95,3.37,4.12,home_win,1.95,3.37,4.12,1.95,9.5,-10.0,-10.0,9.5,-10.0,-10.0,-191.9,-13.5,-176.5,-36.9,30.7,-375.7,away_win,-10.0,-214.6
2023-10-29,15:15:00,Rayo Vallecano,2,2,Real Sociedad,3.31,3.12,2.34,draw,2.34,3.12,3.31,3.12,-10.0,21.2,-10.0,-10.0,21.2,-10.0,-201.9,7.7,-186.5,-46.9,51.9,-385.7,away_win,-10.0,-224.6
2023-10-29,17:30:00,Ath Bilbao,2,2,Valencia,1.59,3.94,6.06,draw,1.59,3.94,6.06,3.94,-10.0,29.4,-10.0,-10.0,29.4,-10.0,-211.9,37.1,-196.5,-56.9,81.3,-395.7,home_win,-10.0,-234.6
2023-10-29,20:00:00,Atl. Madrid,2,1,Alaves,1.43,4.45,8.08,home_win,1.43,4.45,8.08,1.43,4.3,-10.0,-10.0,4.3,-10.0,-10.0,-207.6,27.1,-206.5,-52.6,71.3,-405.7,away_win,-10.0,-244.6
2023-10-30,20:00:00,Granada CF,2,3,Villarreal,2.95,3.57,2.32,away_win,2.32,2.95,3.57,2.32,-10.0,-10.0,13.2,13.2,-10.0,-10.0,-217.6,17.1,-193.3,-39.4,61.3,-415.7,away_win,13.2,-231.4
2023-11-03,20:00:00,Las Palmas,2,1,Atl. Madrid,5.45,3.66,1.68,home_win,1.68,3.66,5.45,5.45,44.5,-10.0,-10.0,-10.0,-10.0,44.5,-173.1,7.1,-203.3,-49.4,51.3,-371.2,draw,-10.0,-241.4
2023-11-04,20:00:00,Real Sociedad,0,1,Barcelona,3.32,3.3,2.23,away_win,2.23,3.3,3.32,2.23,-10.0,-10.0,12.3,12.3,-10.0,-10.0,-183.1,-2.9,-191.0,-37.1,41.3,-381.2,away_win,12.3,-229.1
2023-11-04,13:00:00,Osasuna,2,4,Girona,2.87,3.31,2.49,away_win,2.49,2.87,3.31,2.49,-10.0,-10.0,14.9,14.9,-10.0,-10.0,-193.1,-12.9,-176.1,-22.2,31.3,-391.2,draw,-10.0,-239.1
2023-11-04,15:15:00,Betis,2,0,Mallorca,1.86,3.33,4.62,home_win,1.86,3.33,4.62,1.86,8.6,-10.0,-10.0,8.6,-10.0,-10.0,-184.5,-22.9,-186.1,-13.6,21.3,-401.2,away_win,-10.0,-249.1
2023-11-04,17:30:00,Celta Vigo,1,1,Sevilla,2.38,3.35,3.01,draw,2.38,3.01,3.35,3.35,-10.0,23.5,-10.0,-10.0,-10.0,23.5,-194.5,0.6,-196.1,-23.6,11.3,-377.7,draw,23.5,-225.6
2023-11-05,15:15:00,Valencia,1,0,Granada CF,1.61,4.06,5.45,home_win,1.61,4.06,5.45,1.61,6.1,-10.0,-10.0,6.1,-10.0,-10.0,-188.4,-9.4,-206.1,-17.5,1.3,-387.7,home_win,6.1,-219.5
2023-11-05,17:30:00,Villarreal,2,3,Ath Bilbao,3.7,3.78,1.94,away_win,1.94,3.7,3.78,1.94,-10.0,-10.0,9.4,9.4,-10.0,-10.0,-198.4,-19.4,-196.7,-8.1,-8.7,-397.7,draw,-10.0,-229.5
2023-11-05,20:00:00,Real Madrid,0,0,Rayo Vallecano,1.21,6.63,14.3,draw,1.21,6.63,14.3,6.63,-10.0,56.3,-10.0,-10.0,56.3,-10.0,-208.4,36.9,-206.7,-18.1,47.6,-407.7,away_win,-10.0,-239.5
2023-11-05,13:00:00,Alaves,1,0,Almeria,1.71,3.74,5.03,home_win,1.71,3.74,5.03,1.71,7.1,-10.0,-10.0,7.1,-10.0,-10.0,-201.3,26.9,-216.7,-11.0,37.6,-417.7,draw,-10.0,-249.5
2023-11-06,20:00:00,Getafe,1,0,Cadiz CF,2.0,3.09,4.35,home_win,2.0,3.09,4.35,2.0,10.0,-10.0,-10.0,10.0,-10.0,-10.0,-191.3,16.9,-226.7,-1.0,27.6,-427.7,draw,-10.0,-259.5
2023-11-10,20:00:00,Ath Bilbao,4,3,Celta Vigo,1.67,3.98,4.93,home_win,1.67,3.98,4.93,1.67,6.7,-10.0,-10.0,6.7,-10.0,-10.0,-184.6,6.9,-236.7,5.7,17.6,-437.7,away_win,-10.0,-269.5
2023-11-11,13:00:00,Rayo Vallecano,1,2,Girona,2.95,3.41,2.38,away_win,2.38,2.95,3.41,2.38,-10.0,-10.0,13.8,13.8,-10.0,-10.0,-194.6,-3.1,-222.9,19.5,7.6,-447.7,away_win,13.8,-255.7
2023-11-11,15:15:00,Almeria,1,3,Real Sociedad,4.3,3.7,1.81,away_win,1.81,3.7,4.3,1.81,-10.0,-10.0,8.1,8.1,-10.0,-10.0,-204.6,-13.1,-214.8,27.6,-2.4,-457.7,away_win,8.1,-247.6
2023-11-11,17:30:00,Osasuna,1,1,Las Palmas,1.95,3.26,4.31,draw,1.95,3.26,4.31,3.26,-10.0,22.6,-10.0,-10.0,22.6,-10.0,-214.6,9.5,-224.8,17.6,20.2,-467.7,away_win,-10.0,-257.6
2023-11-11,17:30:00,Granada CF,1,1,Getafe,2.45,3.13,3.08,draw,2.45,3.08,3.13,3.13,-10.0,21.3,-10.0,-10.0,-10.0,21.3,-224.6,30.8,-234.8,7.6,10.2,-446.4,home_win,-10.0,-267.6
2023-11-11,20:00:00,Real Madrid,5,1,Valencia,1.32,5.39,9.3,home_win,1.32,5.39,9.3,1.32,3.2,-10.0,-10.0,3.2,-10.0,-10.0,-221.4,20.8,-244.8,10.8,0.2,-456.4,away_win,-10.0,-277.6
2023-11-12,20:00:00,Atl. Madrid,3,1,Villarreal,1.32,5.6,8.7,home_win,1.32,5.6,8.7,1.32,3.2,-10.0,-10.0,3.2,-10.0,-10.0,-218.2,10.8,-254.8,14.0,-9.8,-466.4,home_win,3.2,-274.4
2023-11-12,17:30:00,Sevilla,1,1,Betis,2.16,3.48,3.31,draw,2.16,3.31,3.48,3.48,-10.0,24.8,-10.0,-10.0,-10.0,24.8,-228.2,35.6,-264.8,4.0,-19.8,-441.6,home_win,-10.0,-284.4
2023-11-12,15:15:00,Barcelona,2,1,Alaves,1.24,6.22,12.2,home_win,1.24,6.22,12.2,1.24,2.4,-10.0,-10.0,2.4,-10.0,-10.0,-225.8,25.6,-274.8,6.4,-29.8,-451.6,away_win,-10.0,-294.4
2023-11-24,20:00:00,Alaves,3,1,Granada CF,1.69,3.63,5.42,home_win,1.69,3.63,5.42,1.69,6.9,-10.0,-10.0,6.9,-10.0,-10.0,-218.9,15.6,-284.8,13.3,-39.8,-461.6,away_win,-10.0,-304.4
2023-11-25,13:00:00,Rayo Vallecano,1,1,Barcelona,4.88,4.06,1.66,draw,1.66,4.06,4.88,4.06,-10.0,30.6,-10.0,-10.0,30.6,-10.0,-228.9,46.2,-294.8,3.3,-9.2,-471.6,away_win,-10.0,-314.4
2023-11-25,15:15:00,Valencia,0,0,Celta Vigo,2.18,3.29,3.45,draw,2.18,3.29,3.45,3.29,-10.0,22.9,-10.0,-10.0,22.9,-10.0,-238.9,69.1,-304.8,-6.7,13.7,-481.6,draw,22.9,-291.5
2023-11-25,17:30:00,Getafe,2,1,Almeria,1.76,3.58,4.88,home_win,1.76,3.58,4.88,1.76,7.6,-10.0,-10.0,7.6,-10.0,-10.0,-231.3,59.1,-314.8,0.9,3.7,-491.6,draw,-10.0,-301.5
2023-11-25,20:00:00,Atl. Madrid,1,0,Mallorca,1.35,4.89,9.53,home_win,1.35,4.89,9.53,1.35,3.5,-10.0,-10.0,3.5,-10.0,-10.0,-227.8,49.1,-324.8,4.4,-6.3,-501.6,home_win,3.5,-298.0
2023-11-26,13:00:00,Villarreal,3,1,Osasuna,2.14,3.43,3.41,home_win,2.14,3.41,3.43,2.14,11.4,-10.0,-10.0,11.4,-10.0,-10.0,-216.4,39.1,-334.8,15.8,-16.3,-511.6,home_win,11.4,-286.6
2023-11-26,15:15:00,Real Sociedad,2,1,Sevilla,1.62,3.8,5.82,home_win,1.62,3.8,5.82,1.62,6.2,-10.0,-10.0,6.2,-10.0,-10.0,-210.2,29.1,-344.8,22.0,-26.3,-521.6,draw,-10.0,-296.6
2023-11-26,17:30:00,Cadiz CF,0,3,Real Madrid,6.96,4.43,1.47,away_win,1.47,4.43,6.96,1.47,-10.0,-10.0,4.7,4.7,-10.0,-10.0,-220.2,19.1,-340.1,26.7,-36.3,-531.6,home_win,-10.0,-306.6
2023-11-26,20:00:00,Betis,1,0,Las Palmas,1.68,3.67,5.51,home_win,1.68,3.67,5.51,1.68,6.8,-10.0,-10.0,6.8,-10.0,-10.0,-213.4,9.1,-350.1,33.5,-46.3,-541.6,away_win,-10.0,-316.6
2023-11-27,20:00:00,Girona,1,1,Ath Bilbao,2.23,3.56,3.09,draw,2.23,3.09,3.56,3.56,-10.0,25.6,-10.0,-10.0,-10.0,25.6,-223.4,34.7,-360.1,23.5,-56.3,-516.0,away_win,-10.0,-326.6
2023-11-29,20:00:00,Mallorca,1,1,Cadiz CF,1.86,3.24,4.79,draw,1.86,3.24,4.79,3.24,-10.0,22.4,-10.0,-10.0,22.4,-10.0,-233.4,57.1,-370.1,13.5,-33.9,-526.0,away_win,-10.0,-336.6
2023-12-01,20:00:00,Las Palmas,2,0,Getafe,2.37,2.91,3.48,home_win,2.37,2.91,3.48,2.37,13.7,-10.0,-10.0,13.7,-10.0,-10.0,-219.7,47.1,-380.1,27.2,-43.9,-536.0,away_win,-10.0,-346.6
2023-12-02,13:00:00,Girona,2,1,Valencia,1.65,3.93,5.25,home_win,1.65,3.93,5.25,1.65,6.5,-10.0,-10.0,6.5,-10.0,-10.0,-213.2,37.1,-390.1,33.7,-53.9,-546.0,away_win,-10.0,-356.6
2023-12-02,15:15:00,Ath Bilbao,4,0,Rayo Vallecano,1.43,4.65,7.09,home_win,1.43,4.65,7.09,1.43,4.3,-10.0,-10.0,4.3,-10.0,-10.0,-208.9,27.1,-400.1,38.0,-63.9,-556.0,draw,-10.0,-366.6
2023-12-02,17:30:00,Real Madrid,2,0,Granada CF,1.16,7.96,15.7,home_win,1.16,7.96,15.7,1.16,1.6,-10.0,-10.0,1.6,-10.0,-10.0,-207.3,17.1,-410.1,39.6,-73.9,-566.0,away_win,-10.0,-376.6
2023-12-02,20:00:00,Osasuna,1,1,Real Sociedad,3.83,3.13,2.12,draw,2.12,3.13,3.83,3.13,-10.0,21.3,-10.0,-10.0,21.3,-10.0,-217.3,38.4,-420.1,29.6,-52.6,-576.0,draw,21.3,-355.3
2023-12-03,13:00:00,Mallorca,0,0,Alaves,2.63,2.89,3.07,draw,2.63,2.89,3.07,2.89,-10.0,18.9,-10.0,-10.0,18.9,-10.0,-227.3,57.3,-430.1,19.6,-33.7,-586.0,draw,18.9,-336.4
2023-12-03,15:15:00,Almeria,0,0,Betis,3.49,3.7,2.02,draw,2.02,3.49,3.7,3.7,-10.0,27.0,-10.0,-10.0,-10.0,27.0,-237.3,84.3,-440.1,9.6,-43.7,-559.0,away_win,-10.0,-346.4
2023-12-03,17:30:00,Sevilla,1,1,Villarreal,1.93,3.74,3.78,draw,1.93,3.74,3.78,3.74,-10.0,27.4,-10.0,-10.0,27.4,-10.0,-247.3,111.7,-450.1,-0.4,-16.3,-569.0,away_win,-10.0,-356.4
2023-12-03,20:00:00,Barcelona,1,0,Atl. Madrid,1.92,3.81,3.77,home_win,1.92,3.77,3.81,1.92,9.2,-10.0,-10.0,9.2,-10.0,-10.0,-238.1,101.7,-460.1,8.8,-26.3,-579.0,home_win,9.2,-347.2
2023-12-04,20:00:00,Celta Vigo,1,1,Cadiz CF,1.53,4.11,6.52,draw,1.53,4.11,6.52,4.11,-10.0,31.1,-10.0,-10.0,31.1,-10.0,-248.1,132.8,-470.1,-1.2,4.8,-589.0,draw,31.1,-316.1
2023-12-08,20:00:00,Getafe,1,0,Valencia,2.61,2.88,3.11,home_win,2.61,2.88,3.11,2.61,16.1,-10.0,-10.0,16.1,-10.0,-10.0,-232.0,122.8,-480.1,14.9,-5.2,-599.0,away_win,-10.0,-326.1
2023-12-09,20:00:00,Mallorca,1,0,Sevilla,2.59,2.98,2.99,home_win,2.59,2.98,2.99,2.59,15.9,-10.0,-10.0,15.9,-10.0,-10.0,-216.1,112.8,-490.1,30.8,-15.2,-609.0,draw,-10.0,-336.1
2023-12-09,13:00:00,Alaves,0,1,Las Palmas,2.02,3.16,4.19,away_win,2.02,3.16,4.19,4.19,-10.0,-10.0,31.9,-10.0,-10.0,31.9,-226.1,102.8,-458.2,20.8,-25.2,-577.1,draw,-10.0,-346.1
2023-12-09,15:15:00,Betis,1,1,Real Madrid,4.67,3.99,1.7,draw,1.7,3.99,4.67,3.99,-10.0,29.9,-10.0,-10.0,29.9,-10.0,-236.1,132.7,-468.2,10.8,4.7,-587.1,away_win,-10.0,-356.1
2023-12-09,17:30:00,Villarreal,0,3,Real Sociedad,3.39,3.39,2.15,away_win,2.15,3.39,3.39,2.15,-10.0,-10.0,11.5,11.5,-10.0,-10.0,-246.1,122.7,-456.7,22.3,-5.3,-597.1,away_win,11.5,-344.6
2023-12-10,13:00:00,Atl. Madrid,2,1,Almeria,1.19,7.3,14.4,home_win,1.19,7.3,14.4,1.19,1.9,-10.0,-10.0,1.9,-10.0,-10.0,-244.2,112.7,-466.7,24.2,-15.3,-607.1,away_win,-10.0,-354.6
2023-12-10,17:30:00,Cadiz CF,1,1,Osasuna,2.76,3.04,2.76,draw,2.76,2.76,3.04,3.04,-10.0,20.4,-10.0,-10.0,-10.0,20.4,-254.2,133.1,-476.7,14.2,-25.3,-586.7,away_win,-10.0,-364.6
2023-12-10,20:00:00,Barcelona,2,4,Girona,1.45,5.01,6.12,away_win,1.45,5.01,6.12,6.12,-10.0,-10.0,51.2,-10.0,-10.0,51.2,-264.2,123.1,-425.5,4.2,-35.3,-535.5,draw,-10.0,-374.6
2023-12-11,20:00:00,Rayo Vallecano,0,0,Celta Vigo,2.68,3.17,2.74,draw,2.68,2.74,3.17,3.17,-10.0,21.7,-10.0,-10.0,-10.0,21.7,-274.2,144.8,-435.5,-5.8,-45.3,-513.8,draw,21.7,-352.9
2023-12-11,20:00:00,Granada CF,1,1,Ath Bilbao,7.9,4.59,2.11,draw,2.11,4.59,7.9,4.59,-10.0,35.9,-10.0,-10.0,35.9,-10.0,-284.2,180.7,-445.5,-15.8,-9.4,-523.8,away_win,-10.0,-362.9
2023-12-15,20:00:00,Osasuna,1,0,Rayo Vallecano,2.21,3.17,3.51,home_win,2.21,3.17,3.51,2.21,12.1,-10.0,-10.0,12.1,-10.0,-10.0,-272.1,170.7,-455.5,-3.7,-19.4,-533.8,away_win,-10.0,-372.9
2023-12-16,20:00:00,Valencia,1,1,Barcelona,5.81,4.42,1.54,draw,1.54,4.42,5.81,4.42,-10.0,34.2,-10.0,-10.0,34.2,-10.0,-282.1,204.9,-465.5,-13.7,14.8,-543.8,home_win,-10.0,-382.9
2023-12-16,17:30:00,Sevilla,0,3,Getafe,1.79,3.42,4.97,away_win,1.79,3.42,4.97,4.97,-10.0,-10.0,39.7,-10.0,-10.0,39.7,-292.1,194.9,-425.8,-23.7,4.8,-504.1,away_win,39.7,-343.2
2023-12-16,15:15:00,Ath Bilbao,2,0,Atl. Madrid,2.5,3.36,2.81,home_win,2.5,2.81,3.36,2.5,15.0,-10.0,-10.0,15.0,-10.0,-10.0,-277.1,184.9,-435.8,-8.7,-5.2,-514.1,draw,-10.0,-353.2
2023-12-16,13:00:00,Celta Vigo,1,0,Granada CF,1.68,3.82,5.12,home_win,1.68,3.82,5.12,1.68,6.8,-10.0,-10.0,6.8,-10.0,-10.0,-270.3,174.9,-445.8,-1.9,-15.2,-524.1,home_win,6.8,-346.4
2023-12-17,20:00:00,Real Madrid,4,1,Villarreal,1.23,6.79,11.75,home_win,1.23,6.79,11.75,1.23,2.3,-10.0,-10.0,2.3,-10.0,-10.0,-268.0,164.9,-455.8,0.4,-25.2,-534.1,away_win,-10.0,-356.4
2023-12-17,13:00:00,Almeria,0,0,Mallorca,2.34,3.11,3.32,draw,2.34,3.11,3.32,3.11,-10.0,21.1,-10.0,-10.0,21.1,-10.0,-278.0,186.0,-465.8,-9.6,-4.1,-544.1,home_win,-10.0,-366.4
2023-12-17,15:15:00,Real Sociedad,0,0,Betis,1.57,4.04,6.1,draw,1.57,4.04,6.1,4.04,-10.0,30.4,-10.0,-10.0,30.4,-10.0,-288.0,216.4,-475.8,-19.6,26.3,-554.1,home_win,-10.0,-376.4
2023-12-17,17:30:00,Las Palmas,1,1,Cadiz CF,1.98,3.23,4.21,draw,1.98,3.23,4.21,3.23,-10.0,22.3,-10.0,-10.0,22.3,-10.0,-298.0,238.7,-485.8,-29.6,48.6,-564.1,away_win,-10.0,-386.4
2023-12-18,20:00:00,Girona,3,0,Alaves,1.61,4.02,5.56,home_win,1.61,4.02,5.56,1.61,6.1,-10.0,-10.0,6.1,-10.0,-10.0,-291.9,228.7,-495.8,-23.5,38.6,-574.1,away_win,-10.0,-396.4
2023-12-19,18:00:00,Rayo Vallecano,0,1,Valencia,2.27,3.14,3.43,away_win,2.27,3.14,3.43,3.43,-10.0,-10.0,24.3,-10.0,-10.0,24.3,-301.9,218.7,-471.5,-33.5,28.6,-549.8,home_win,-10.0,-406.4
2023-12-19,20:30:00,Granada CF,0,3,Sevilla,3.0,3.16,2.49,away_win,2.49,3.0,3.16,2.49,-10.0,-10.0,14.9,14.9,-10.0,-10.0,-311.9,208.7,-456.6,-18.6,18.6,-559.8,home_win,-10.0,-416.4
2023-12-19,20:30:00,Atl. Madrid,3,3,Getafe,1.46,4.43,7.07,draw,1.46,4.43,7.07,4.43,-10.0,34.3,-10.0,-10.0,34.3,-10.0,-321.9,243.0,-466.6,-28.6,52.9,-569.8,away_win,-10.0,-426.4
2023-12-20,18:00:00,Barcelona,3,2,Almeria,1.15,8.68,16.55,home_win,1.15,8.68,16.55,1.15,1.5,-10.0,-10.0,1.5,-10.0,-10.0,-320.4,233.0,-476.6,-27.1,42.9,-579.8,away_win,-10.0,-436.4
2023-12-20,20:30:00,Villarreal,3,2,Celta Vigo,2.37,3.43,2.94,home_win,2.37,2.94,3.43,2.37,13.7,-10.0,-10.0,13.7,-10.0,-10.0,-306.7,223.0,-486.6,-13.4,32.9,-589.8,home_win,13.7,-422.7
2023-12-20,20:30:00,Ath Bilbao,1,0,Las Palmas,1.36,5.04,8.73,home_win,1.36,5.04,8.73,1.36,3.6,-10.0,-10.0,3.6,-10.0,-10.0,-303.1,213.0,-496.6,-9.8,22.9,-599.8,home_win,3.6,-419.1
2023-12-21,20:30:00,Alaves,0,1,Real Madrid,5.78,4.06,1.57,away_win,1.57,4.06,5.78,1.57,-10.0,-10.0,5.7,5.7,-10.0,-10.0,-313.1,203.0,-490.9,-4.1,12.9,-609.8,away_win,5.7,-413.4
2023-12-21,18:00:00,Cadiz CF,0,0,Real Sociedad,5.94,3.55,1.66,draw,1.66,3.55,5.94,3.55,-10.0,25.5,-10.0,-10.0,25.5,-10.0,-323.1,228.5,-500.9,-14.1,38.4,-619.8,draw,25.5,-387.9
2023-12-21,18:00:00,Betis,1,1,Girona,2.61,3.52,2.59,draw,2.59,2.61,3.52,3.52,-10.0,25.2,-10.0,-10.0,-10.0,25.2,-333.1,253.7,-510.9,-24.1,28.4,-594.6,draw,25.2,-362.7
2023-12-21,20:30:00,Mallorca,3,2,Osasuna,2.23,2.89,3.89,home_win,2.23,2.89,3.89,2.23,12.3,-10.0,-10.0,12.3,-10.0,-10.0,-320.8,243.7,-520.9,-11.8,18.4,-604.6,away_win,-10.0,-372.7
2023-12-23,15:15:00,Atl. Madrid,1,0,Sevilla,1.57,4.16,5.76,home_win,1.57,4.16,5.76,1.57,5.7,-10.0,-10.0,5.7,-10.0,-10.0,-315.1,233.7,-530.9,-6.1,8.4,-614.6,draw,-10.0,-382.7
2024-01-02,16:00:00,Getafe,0,2,Rayo Vallecano,2.36,2.97,3.43,away_win,2.36,2.97,3.43,3.43,-10.0,-10.0,24.3,-10.0,-10.0,24.3,-325.1,223.7,-506.6,-16.1,-1.6,-590.3,away_win,24.3,-358.4
2024-01-02,18:15:00,Real Sociedad,1,1,Alaves,1.51,3.86,7.64,draw,1.51,3.86,7.64,3.86,-10.0,28.6,-10.0,-10.0,28.6,-10.0,-335.1,252.3,-516.6,-26.1,27.0,-600.3,away_win,-10.0,-368.4
2024-01-02,20:30:00,Valencia,3,1,Villarreal,2.18,3.36,3.36,home_win,2.18,3.36,3.36,2.18,11.8,-10.0,-10.0,11.8,-10.0,-10.0,-323.3,242.3,-526.6,-14.3,17.0,-610.3,away_win,-10.0,-378.4
2024-01-03,20:30:00,Girona,4,3,Atl. Madrid,2.62,3.6,2.54,home_win,2.54,2.62,3.6,2.62,16.2,-10.0,-10.0,-10.0,16.2,-10.0,-307.1,232.3,-536.6,-24.3,33.2,-620.3,draw,-10.0,-388.4
2024-01-03,16:00:00,Granada CF,2,0,Cadiz CF,2.22,3.08,3.62,home_win,2.22,3.08,3.62,2.22,12.2,-10.0,-10.0,12.2,-10.0,-10.0,-294.9,222.3,-546.6,-12.1,23.2,-630.3,draw,-10.0,-398.4
2024-01-03,18:15:00,Real Madrid,1,0,Mallorca,1.22,6.19,14.35,home_win,1.22,6.19,14.35,1.22,2.2,-10.0,-10.0,2.2,-10.0,-10.0,-292.7,212.3,-556.6,-9.9,13.2,-640.3,home_win,2.2,-396.2
2024-01-03,18:15:00,Celta Vigo,2,1,Betis,2.16,3.3,3.47,home_win,2.16,3.3,3.47,2.16,11.6,-10.0,-10.0,11.6,-10.0,-10.0,-281.1,202.3,-566.6,1.7,3.2,-650.3,home_win,11.6,-384.6
2024-01-04,20:30:00,Las Palmas,1,2,Barcelona,6.3,4.62,1.48,away_win,1.48,4.62,6.3,1.48,-10.0,-10.0,4.8,4.8,-10.0,-10.0,-291.1,192.3,-561.8,6.5,-6.8,-660.3,home_win,-10.0,-394.6
2024-01-04,16:00:00,Osasuna,1,0,Almeria,1.71,3.78,5.01,home_win,1.71,3.78,5.01,1.71,7.1,-10.0,-10.0,7.1,-10.0,-10.0,-284.0,182.3,-571.8,13.6,-16.8,-670.3,draw,-10.0,-404.6
2024-01-04,18:15:00,Sevilla,0,2,Ath Bilbao,3.0,3.24,2.43,away_win,2.43,3.0,3.24,2.43,-10.0,-10.0,14.3,14.3,-10.0,-10.0,-294.0,172.3,-557.5,27.9,-26.8,-680.3,away_win,14.3,-390.3
2024-01-12,20:00:00,Sevilla,2,3,Alaves,2.0,3.26,4.05,away_win,2.0,3.26,4.05,4.05,-10.0,-10.0,30.5,-10.0,-10.0,30.5,-304.0,162.3,-527.0,17.9,-36.8,-649.8,draw,-10.0,-400.3
2024-01-13,13:00:00,Las Palmas,3,0,Villarreal,2.61,3.42,2.65,home_win,2.61,2.65,3.42,2.61,16.1,-10.0,-10.0,16.1,-10.0,-10.0,-287.9,152.3,-537.0,34.0,-46.8,-659.8,home_win,16.1,-384.2
2024-01-13,15:15:00,Mallorca,1,1,Celta Vigo,2.36,2.99,3.41,draw,2.36,2.99,3.41,2.99,-10.0,19.9,-10.0,-10.0,19.9,-10.0,-297.9,172.2,-547.0,24.0,-26.9,-669.8,away_win,-10.0,-394.2
2024-01-13,17:30:00,Ath Bilbao,2,1,Real Sociedad,2.09,3.14,3.92,home_win,2.09,3.14,3.92,2.09,10.9,-10.0,-10.0,10.9,-10.0,-10.0,-287.0,162.2,-557.0,34.9,-36.9,-679.8,away_win,-10.0,-404.2
2024-01-13,20:00:00,Betis,1,0,Granada CF,1.71,3.75,5.06,home_win,1.71,3.75,5.06,1.71,7.1,-10.0,-10.0,7.1,-10.0,-10.0,-279.9,152.2,-567.0,42.0,-46.9,-689.8,home_win,7.1,-397.1
2024-01-14,13:00:00,Almeria,0,0,Girona,3.6,3.73,1.97,draw,1.97,3.6,3.73,3.73,-10.0,27.3,-10.0,-10.0,-10.0,27.3,-289.9,179.5,-577.0,32.0,-56.9,-662.5,draw,27.3,-369.8
2024-01-14,15:15:00,Cadiz CF,1,4,Valencia,3.02,2.87,2.66,away_win,2.66,2.87,3.02,2.66,-10.0,-10.0,16.6,16.6,-10.0,-10.0,-299.9,169.5,-560.4,48.6,-66.9,-672.5,away_win,16.6,-353.2
2024-01-19,20:00:00,Alaves,1,0,Cadiz CF,1.63,3.57,6.54,home_win,1.63,3.57,6.54,1.63,6.3,-10.0,-10.0,6.3,-10.0,-10.0,-293.6,159.5,-570.4,54.9,-76.9,-682.5,home_win,6.3,-346.9
2024-01-20,13:00:00,Rayo Vallecano,0,2,Las Palmas,1.71,3.58,5.33,away_win,1.71,3.58,5.33,5.33,-10.0,-10.0,43.3,-10.0,-10.0,43.3,-303.6,149.5,-527.1,44.9,-86.9,-639.2,draw,-10.0,-356.9
2024-01-20,15:15:00,Villarreal,1,1,Mallorca,2.09,3.37,3.59,draw,2.09,3.37,3.59,3.37,-10.0,23.7,-10.0,-10.0,23.7,-10.0,-313.6,173.2,-537.1,34.9,-63.2,-649.2,draw,23.7,-333.2
2024-01-20,17:30:00,Valencia,1,0,Ath Bilbao,3.43,3.2,2.24,home_win,2.24,3.2,3.43,3.43,24.3,-10.0,-10.0,-10.0,-10.0,24.3,-289.3,163.2,-547.1,24.9,-73.2,-624.9,home_win,24.3,-308.9
2024-01-20,20:00:00,Celta Vigo,0,1,Real Sociedad,2.54,2.91,3.19,away_win,2.54,2.91,3.19,3.19,-10.0,-10.0,21.9,-10.0,-10.0,21.9,-299.3,153.2,-525.2,14.9,-83.2,-603.0,home_win,-10.0,-318.9
2024-01-21,20:00:00,Girona,5,1,Sevilla,1.78,3.96,4.22,home_win,1.78,3.96,4.22,1.78,7.8,-10.0,-10.0,7.8,-10.0,-10.0,-291.5,143.2,-535.2,22.7,-93.2,-613.0,home_win,7.8,-311.1
2024-01-21,13:00:00,Osasuna,3,2,Getafe,2.38,2.89,3.5,home_win,2.38,2.89,3.5,2.38,13.8,-10.0,-10.0,13.8,-10.0,-10.0,-277.7,133.2,-545.2,36.5,-103.2,-623.0,home_win,13.8,-297.3
2024-01-21,15:15:00,Real Madrid,3,2,Almeria,1.12,9.55,22.0,home_win,1.12,9.55,22.0,1.12,1.2,-10.0,-10.0,1.2,-10.0,-10.0,-276.5,123.2,-555.2,37.7,-113.2,-633.0,draw,-10.0,-307.3
2024-01-21,17:30:00,Betis,2,4,Barcelona,3.94,3.94,1.83,away_win,1.83,3.94,3.94,1.83,-10.0,-10.0,8.3,8.3,-10.0,-10.0,-286.5,113.2,-546.9,46.0,-123.2,-643.0,home_win,-10.0,-317.3
2024-01-22,20:00:00,Granada CF,0,1,Atl. Madrid,5.0,4.01,1.65,away_win,1.65,4.01,5.0,1.65,-10.0,-10.0,6.5,6.5,-10.0,-10.0,-296.5,103.2,-540.4,52.5,-133.2,-653.0,away_win,6.5,-310.8
2024-01-26,20:00:00,Almeria,0,3,Alaves,2.76,3.1,2.71,away_win,2.71,2.76,3.1,2.71,-10.0,-10.0,17.1,17.1,-10.0,-10.0,-306.5,93.2,-523.3,69.6,-143.2,-663.0,away_win,17.1,-293.7
2024-01-27,13:00:00,Real Sociedad,0,0,Rayo Vallecano,1.79,3.25,5.41,draw,1.79,3.25,5.41,3.25,-10.0,22.5,-10.0,-10.0,22.5,-10.0,-316.5,115.7,-533.3,59.6,-120.7,-673.0,away_win,-10.0,-303.7
2024-01-27,15:15:00,Las Palmas,1,2,Real Madrid,6.92,4.65,1.44,away_win,1.44,4.65,6.92,1.44,-10.0,-10.0,4.4,4.4,-10.0,-10.0,-326.5,105.7,-528.9,64.0,-130.7,-683.0,draw,-10.0,-313.7
2024-01-27,17:30:00,Barcelona,3,5,Villarreal,1.38,5.48,7.09,away_win,1.38,5.48,7.09,7.09,-10.0,-10.0,60.9,-10.0,-10.0,60.9,-336.5,95.7,-468.0,54.0,-140.7,-622.1,home_win,-10.0,-323.7
2024-01-27,20:00:00,Mallorca,0,1,Betis,2.22,3.11,3.59,away_win,2.22,3.11,3.59,3.59,-10.0,-10.0,25.9,-10.0,-10.0,25.9,-346.5,85.7,-442.1,44.0,-150.7,-596.2,home_win,-10.0,-333.7
2024-01-28,13:00:00,Celta Vigo,0,1,Girona,2.7,3.5,2.52,away_win,2.52,2.7,3.5,2.52,-10.0,-10.0,15.2,15.2,-10.0,-10.0,-356.5,75.7,-426.9,59.2,-160.7,-606.2,draw,-10.0,-343.7
2024-01-28,15:15:00,Cadiz CF,0,0,Ath Bilbao,4.81,3.34,1.84,draw,1.84,3.34,4.81,3.34,-10.0,23.4,-10.0,-10.0,23.4,-10.0,-366.5,99.1,-436.9,49.2,-137.3,-616.2,home_win,-10.0,-353.7
2024-01-28,17:30:00,Sevilla,1,1,Osasuna,2.11,3.16,3.84,draw,2.11,3.16,3.84,3.16,-10.0,21.6,-10.0,-10.0,21.6,-10.0,-376.5,120.7,-446.9,39.2,-115.7,-626.2,home_win,-10.0,-363.7
2024-01-28,20:00:00,Atl. Madrid,2,0,Valencia,1.56,4.01,6.2,home_win,1.56,4.01,6.2,1.56,5.6,-10.0,-10.0,5.6,-10.0,-10.0,-370.9,110.7,-456.9,44.8,-125.7,-636.2,away_win,-10.0,-373.7
2024-01-29,20:00:00,Getafe,2,0,Granada CF,1.85,3.38,4.64,home_win,1.85,3.38,4.64,1.85,8.5,-10.0,-10.0,8.5,-10.0,-10.0,-362.4,100.7,-466.9,53.3,-135.7,-646.2,away_win,-10.0,-383.7
2024-01-31,18:00:00,Barcelona,1,0,Osasuna,1.33,5.34,8.85,home_win,1.33,5.34,8.85,1.33,3.3,-10.0,-10.0,3.3,-10.0,-10.0,-359.1,90.7,-476.9,56.6,-145.7,-656.2,away_win,-10.0,-393.7
2024-01-31,20:00:00,Atl. Madrid,2,1,Rayo Vallecano,1.6,3.87,5.9,home_win,1.6,3.87,5.9,1.6,6.0,-10.0,-10.0,6.0,-10.0,-10.0,-353.1,80.7,-486.9,62.6,-155.7,-666.2,away_win,-10.0,-403.7
2024-02-01,20:00:00,Getafe,0,2,Real Madrid,6.3,3.96,1.57,away_win,1.57,3.96,6.3,1.57,-10.0,-10.0,5.7,5.7,-10.0,-10.0,-363.1,70.7,-481.2,68.3,-165.7,-676.2,home_win,-10.0,-413.7
2024-02-02,20:00:00,Ath Bilbao,4,0,Mallorca,1.5,3.9,7.76,home_win,1.5,3.9,7.76,1.5,5.0,-10.0,-10.0,5.0,-10.0,-10.0,-358.1,60.7,-491.2,73.3,-175.7,-686.2,draw,-10.0,-423.7
2024-02-03,13:00:00,Valencia,2,1,Almeria,1.7,3.75,5.11,home_win,1.7,3.75,5.11,1.7,7.0,-10.0,-10.0,7.0,-10.0,-10.0,-351.1,50.7,-501.2,80.3,-185.7,-696.2,draw,-10.0,-433.7
2024-02-03,15:15:00,Granada CF,1,1,Las Palmas,2.15,3.27,3.55,draw,2.15,3.27,3.55,3.27,-10.0,22.7,-10.0,-10.0,22.7,-10.0,-361.1,73.4,-511.2,70.3,-163.0,-706.2,away_win,-10.0,-443.7
2024-02-03,17:30:00,Alaves,1,3,Barcelona,4.05,3.59,1.9,away_win,1.9,3.59,4.05,1.9,-10.0,-10.0,9.0,9.0,-10.0,-10.0,-371.1,63.4,-502.2,79.3,-173.0,-716.2,draw,-10.0,-453.7
2024-02-03,20:00:00,Girona,0,0,Real Sociedad,2.02,3.45,3.75,draw,2.02,3.45,3.75,3.45,-10.0,24.5,-10.0,-10.0,24.5,-10.0,-381.1,87.9,-512.2,69.3,-148.5,-726.2,away_win,-10.0,-463.7
2024-02-04,13:00:00,Villarreal,0,0,Cadiz CF,1.6,4.04,5.61,draw,1.6,4.04,5.61,4.04,-10.0,30.4,-10.0,-10.0,30.4,-10.0,-391.1,118.3,-522.2,59.3,-118.1,-736.2,away_win,-10.0,-473.7
2024-02-04,15:15:00,Osasuna,0,3,Celta Vigo,2.16,3.06,3.79,away_win,2.16,3.06,3.79,3.79,-10.0,-10.0,27.9,-10.0,-10.0,27.9,-401.1,108.3,-494.3,49.3,-128.1,-708.3,away_win,27.9,-445.8
2024-02-04,17:30:00,Betis,1,1,Getafe,2.0,3.26,4.15,draw,2.0,3.26,4.15,3.26,-10.0,22.6,-10.0,-10.0,22.6,-10.0,-411.1,130.9,-504.3,39.3,-105.5,-718.3,home_win,-10.0,-455.8
2024-02-04,20:00:00,Real Madrid,1,1,Atl. Madrid,1.68,4.1,4.69,draw,1.68,4.1,4.69,4.1,-10.0,31.0,-10.0,-10.0,31.0,-10.0,-421.1,161.9,-514.3,29.3,-74.5,-728.3,away_win,-10.0,-465.8
2024-02-05,20:00:00,Rayo Vallecano,1,2,Sevilla,2.12,3.24,3.7,away_win,2.12,3.24,3.7,3.7,-10.0,-10.0,27.0,-10.0,-10.0,27.0,-431.1,151.9,-487.3,19.3,-84.5,-701.3,home_win,-10.0,-475.8
2024-02-09,20:00:00,Cadiz CF,0,2,Betis,3.03,3.0,2.58,away_win,2.58,3.0,3.03,2.58,-10.0,-10.0,15.8,15.8,-10.0,-10.0,-441.1,141.9,-471.5,35.1,-94.5,-711.3,home_win,-10.0,-485.8
2024-02-10,20:00:00,Las Palmas,2,0,Valencia,2.55,2.98,3.1,home_win,2.55,2.98,3.1,2.55,15.5,-10.0,-10.0,15.5,-10.0,-10.0,-425.6,131.9,-481.5,50.6,-104.5,-721.3,draw,-10.0,-495.8
2024-02-10,13:00:00,Alaves,1,1,Villarreal,2.17,3.39,3.36,draw,2.17,3.36,3.39,3.39,-10.0,23.9,-10.0,-10.0,-10.0,23.9,-435.6,155.8,-491.5,40.6,-114.5,-697.4,home_win,-10.0,-505.8
2024-02-10,15:15:00,Real Sociedad,0,1,Osasuna,1.76,3.26,5.73,away_win,1.76,3.26,5.73,5.73,-10.0,-10.0,47.3,-10.0,-10.0,47.3,-445.6,145.8,-444.2,30.6,-124.5,-650.1,home_win,-10.0,-515.8
2024-02-10,17:30:00,Real Madrid,4,0,Girona,1.42,5.18,6.54,home_win,1.42,5.18,6.54,1.42,4.2,-10.0,-10.0,4.2,-10.0,-10.0,-441.4,135.8,-454.2,34.8,-134.5,-660.1,home_win,4.2,-511.6
2024-02-11,13:00:00,Getafe,3,2,Celta Vigo,2.16,3.07,3.76,home_win,2.16,3.07,3.76,2.16,11.6,-10.0,-10.0,11.6,-10.0,-10.0,-429.8,125.8,-464.2,46.4,-144.5,-670.1,away_win,-10.0,-521.6
2024-02-11,15:15:00,Mallorca,2,1,Rayo Vallecano,2.48,2.78,3.46,home_win,2.48,2.78,3.46,2.48,14.8,-10.0,-10.0,14.8,-10.0,-10.0,-415.0,115.8,-474.2,61.2,-154.5,-680.1,away_win,-10.0,-531.6
2024-02-11,17:30:00,Sevilla,1,0,Atl. Madrid,3.62,3.53,2.03,home_win,2.03,3.53,3.62,3.62,26.2,-10.0,-10.0,-10.0,-10.0,26.2,-388.8,105.8,-484.2,51.2,-164.5,-653.9,away_win,-10.0,-541.6
2024-02-11,20:00:00,Barcelona,3,3,Granada CF,1.18,7.61,14.65,draw,1.18,7.61,14.65,7.61,-10.0,66.1,-10.0,-10.0,66.1,-10.0,-398.8,171.9,-494.2,41.2,-98.4,-663.9,draw,66.1,-475.5
2024-02-12,20:00:00,Almeria,0,0,Ath Bilbao,4.58,3.58,1.81,draw,1.81,3.58,4.58,3.58,-10.0,25.8,-10.0,-10.0,25.8,-10.0,-408.8,197.7,-504.2,31.2,-72.6,-673.9,away_win,-10.0,-485.5
2024-02-16,20:00:00,Villarreal,1,1,Getafe,2.03,3.52,3.6,draw,2.03,3.52,3.6,3.52,-10.0,25.2,-10.0,-10.0,25.2,-10.0,-418.8,222.9,-514.2,21.2,-47.4,-683.9,away_win,-10.0,-495.5
2024-02-17,17:30:00,Celta Vigo,1,2,Barcelona,3.71,3.72,1.95,away_win,1.95,3.71,3.72,1.95,-10.0,-10.0,9.5,9.5,-10.0,-10.0,-428.8,212.9,-504.7,30.7,-57.4,-693.9,away_win,9.5,-486.0
2024-02-17,20:00:00,Valencia,0,0,Sevilla,2.25,3.15,3.45,draw,2.25,3.15,3.45,3.15,-10.0,21.5,-10.0,-10.0,21.5,-10.0,-438.8,234.4,-514.7,20.7,-35.9,-703.9,draw,21.5,-464.5
2024-02-17,13:00:00,Atl. Madrid,5,0,Las Palmas,1.45,4.42,7.37,home_win,1.45,4.42,7.37,1.45,4.5,-10.0,-10.0,4.5,-10.0,-10.0,-434.3,224.4,-524.7,25.2,-45.9,-713.9,home_win,4.5,-460.0
2024-02-17,15:15:00,Osasuna,2,0,Cadiz CF,1.79,3.31,5.23,home_win,1.79,3.31,5.23,1.79,7.9,-10.0,-10.0,7.9,-10.0,-10.0,-426.4,214.4,-534.7,33.1,-55.9,-723.9,draw,-10.0,-470.0
2024-02-18,13:00:00,Rayo Vallecano,1,1,Real Madrid,5.06,3.95,1.67,draw,1.67,3.95,5.06,3.95,-10.0,29.5,-10.0,-10.0,29.5,-10.0,-436.4,243.9,-544.7,23.1,-26.4,-733.9,draw,29.5,-440.5
2024-02-18,15:15:00,Granada CF,1,1,Almeria,2.22,3.34,3.33,draw,2.22,3.33,3.34,3.34,-10.0,23.4,-10.0,-10.0,-10.0,23.4,-446.4,267.3,-554.7,13.1,-36.4,-710.5,away_win,-10.0,-450.5
2024-02-18,17:30:00,Mallorca,1,2,Real Sociedad,3.72,2.77,2.37,away_win,2.37,2.77,3.72,2.37,-10.0,-10.0,13.7,13.7,-10.0,-10.0,-456.4,257.3,-541.0,26.8,-46.4,-720.5,draw,-10.0,-460.5
2024-02-18,20:00:00,Betis,0,0,Alaves,2.37,3.09,3.26,draw,2.37,3.09,3.26,3.09,-10.0,20.9,-10.0,-10.0,20.9,-10.0,-466.4,278.2,-551.0,16.8,-25.5,-730.5,home_win,-10.0,-470.5
2024-02-19,20:00:00,Ath Bilbao,3,2,Girona,1.84,3.66,4.21,home_win,1.84,3.66,4.21,1.84,8.4,-10.0,-10.0,8.4,-10.0,-10.0,-458.0,268.2,-561.0,25.2,-35.5,-740.5,home_win,8.4,-462.1
2024-02-23,20:00:00,Real Sociedad,1,3,Villarreal,1.62,3.95,5.53,away_win,1.62,3.95,5.53,5.53,-10.0,-10.0,45.3,-10.0,-10.0,45.3,-468.0,258.2,-515.7,15.2,-45.5,-695.2,away_win,45.3,-416.8
2024-02-24,15:15:00,Barcelona,4,0,Getafe,1.41,4.82,7.44,home_win,1.41,4.82,7.44,1.41,4.1,-10.0,-10.0,4.1,-10.0,-10.0,-463.9,248.2,-525.7,19.3,-55.5,-705.2,home_win,4.1,-412.7
2024-02-24,17:30:00,Alaves,1,1,Mallorca,1.9,3.05,5.05,draw,1.9,3.05,5.05,3.05,-10.0,20.5,-10.0,-10.0,20.5,-10.0,-473.9,268.7,-535.7,9.3,-35.0,-715.2,home_win,-10.0,-422.7
2024-02-24,20:00:00,Almeria,2,2,Atl. Madrid,4.96,3.86,1.69,draw,1.69,3.86,4.96,3.86,-10.0,28.6,-10.0,-10.0,28.6,-10.0,-483.9,297.3,-545.7,-0.7,-6.4,-725.2,draw,28.6,-394.1
2024-02-25,20:00:00,Real Madrid,1,0,Sevilla,1.27,5.95,10.27,home_win,1.27,5.95,10.27,1.27,2.7,-10.0,-10.0,2.7,-10.0,-10.0,-481.2,287.3,-555.7,2.0,-16.4,-735.2,away_win,-10.0,-404.1
2024-02-25,17:30:00,Las Palmas,1,1,Osasuna,2.43,3.01,3.24,draw,2.43,3.01,3.24,3.01,-10.0,20.1,-10.0,-10.0,20.1,-10.0,-491.2,307.4,-565.7,-8.0,3.7,-745.2,away_win,-10.0,-414.1
2024-02-25,13:00:00,Cadiz CF,2,2,Celta Vigo,3.2,2.98,2.47,draw,2.47,2.98,3.2,2.98,-10.0,19.8,-10.0,-10.0,19.8,-10.0,-501.2,327.2,-575.7,-18.0,23.5,-755.2,home_win,-10.0,-424.1
2024-02-25,15:15:00,Betis,3,1,Ath Bilbao,3.77,3.27,2.08,home_win,2.08,3.27,3.77,3.77,27.7,-10.0,-10.0,-10.0,-10.0,27.7,-473.5,317.2,-585.7,-28.0,13.5,-727.5,draw,-10.0,-434.1
2024-02-26,20:00:00,Girona,3,0,Rayo Vallecano,1.63,4.05,5.24,home_win,1.63,4.05,5.24,1.63,6.3,-10.0,-10.0,6.3,-10.0,-10.0,-467.2,307.2,-595.7,-21.7,3.5,-737.5,draw,-10.0,-444.1
2024-03-01,20:00:00,Celta Vigo,1,0,Almeria,1.79,3.76,4.42,home_win,1.79,3.76,4.42,1.79,7.9,-10.0,-10.0,7.9,-10.0,-10.0,-459.3,297.2,-605.7,-13.8,-6.5,-747.5,away_win,-10.0,-454.1
2024-03-02,13:00:00,Sevilla,3,2,Real Sociedad,2.71,2.88,2.97,home_win,2.71,2.88,2.97,2.71,17.1,-10.0,-10.0,17.1,-10.0,-10.0,-442.2,287.2,-615.7,3.3,-16.5,-757.5,draw,-10.0,-464.1
2024-03-02,15:15:00,Rayo Vallecano,1,1,Cadiz CF,1.74,3.4,5.52,draw,1.74,3.4,5.52,3.4,-10.0,24.0,-10.0,-10.0,24.0,-10.0,-452.2,311.2,-625.7,-6.7,7.5,-767.5,draw,24.0,-440.1
2024-03-02,17:30:00,Getafe,3,3,Las Palmas,2.02,3.23,4.09,draw,2.02,3.23,4.09,3.23,-10.0,22.3,-10.0,-10.0,22.3,-10.0,-462.2,333.5,-635.7,-16.7,29.8,-777.5,home_win,-10.0,-450.1
2024-03-02,20:00:00,Valencia,2,2,Real Madrid,5.55,3.94,1.63,draw,1.63,3.94,5.55,3.94,-10.0,29.4,-10.0,-10.0,29.4,-10.0,-472.2,362.9,-645.7,-26.7,59.2,-787.5,draw,29.4,-420.7
2024-03-03,13:00:00,Villarreal,5,1,Granada CF,1.73,3.92,4.6,home_win,1.73,3.92,4.6,1.73,7.3,-10.0,-10.0,7.3,-10.0,-10.0,-464.9,352.9,-655.7,-19.4,49.2,-797.5,home_win,7.3,-413.4
2024-03-03,15:15:00,Atl. Madrid,2,1,Betis,1.51,4.29,6.47,home_win,1.51,4.29,6.47,1.51,5.1,-10.0,-10.0,5.1,-10.0,-10.0,-459.8,342.9,-665.7,-14.3,39.2,-807.5,draw,-10.0,-423.4
2024-03-03,17:30:00,Mallorca,1,0,Girona,3.53,3.27,2.16,home_win,2.16,3.27,3.53,3.53,25.3,-10.0,-10.0,-10.0,-10.0,25.3,-434.5,332.9,-675.7,-24.3,29.2,-782.2,away_win,-10.0,-433.4
2024-03-03,20:00:00,Ath Bilbao,0,0,Barcelona,3.16,3.47,2.25,draw,2.25,3.16,3.47,3.47,-10.0,24.7,-10.0,-10.0,-10.0,24.7,-444.5,357.6,-685.7,-34.3,19.2,-757.5,draw,24.7,-408.7
2024-03-04,20:00:00,Osasuna,1,0,Alaves,2.34,3.02,3.4,home_win,2.34,3.02,3.4,2.34,13.4,-10.0,-10.0,13.4,-10.0,-10.0,-431.1,347.6,-695.7,-20.9,9.2,-767.5,away_win,-10.0,-418.7
2024-03-08,20:00:00,Barcelona,1,0,Mallorca,1.45,4.47,7.28,home_win,1.45,4.47,7.28,1.45,4.5,-10.0,-10.0,4.5,-10.0,-10.0,-426.6,337.6,-705.7,-16.4,-0.8,-777.5,away_win,-10.0,-428.7
2024-03-09,15:15:00,Cadiz CF,2,0,Atl. Madrid,4.69,3.58,1.79,home_win,1.79,3.58,4.69,4.69,36.9,-10.0,-10.0,-10.0,-10.0,36.9,-389.7,327.6,-715.7,-26.4,-10.8,-740.6,home_win,36.9,-391.8
2024-03-09,20:00:00,Girona,2,0,Osasuna,1.51,4.39,6.33,home_win,1.51,4.39,6.33,1.51,5.1,-10.0,-10.0,5.1,-10.0,-10.0,-384.6,317.6,-725.7,-21.3,-20.8,-750.6,home_win,5.1,-386.7
2024-03-09,13:00:00,Valencia,1,0,Getafe,1.86,3.19,5.01,home_win,1.86,3.19,5.01,1.86,8.6,-10.0,-10.0,8.6,-10.0,-10.0,-376.0,307.6,-735.7,-12.7,-30.8,-760.6,home_win,8.6,-378.1
2024-03-09,17:30:00,Granada CF,2,3,Real Sociedad,4.63,3.28,1.89,away_win,1.89,3.28,4.63,1.89,-10.0,-10.0,8.9,8.9,-10.0,-10.0,-386.0,297.6,-726.8,-3.8,-40.8,-770.6,draw,-10.0,-388.1
2024-03-10,13:00:00,Alaves,1,0,Rayo Vallecano,2.09,3.11,3.98,home_win,2.09,3.11,3.98,2.09,10.9,-10.0,-10.0,10.9,-10.0,-10.0,-375.1,287.6,-736.8,7.1,-50.8,-780.6,draw,-10.0,-398.1
2024-03-10,15:15:00,Las Palmas,0,2,Ath Bilbao,4.65,3.5,1.82,away_win,1.82,3.5,4.65,1.82,-10.0,-10.0,8.2,8.2,-10.0,-10.0,-385.1,277.6,-728.6,15.3,-60.8,-790.6,home_win,-10.0,-408.1
2024-03-10,17:30:00,Real Madrid,4,0,Celta Vigo,1.31,5.55,9.68,home_win,1.31,5.55,9.68,1.31,3.1,-10.0,-10.0,3.1,-10.0,-10.0,-382.0,267.6,-738.6,18.4,-70.8,-800.6,home_win,3.1,-405.0
2024-03-10,20:00:00,Betis,2,3,Villarreal,2.12,3.54,3.37,away_win,2.12,3.37,3.54,3.37,-10.0,-10.0,23.7,-10.0,23.7,-10.0,-392.0,257.6,-714.9,8.4,-47.1,-810.6,home_win,-10.0,-415.0
2024-03-11,20:00:00,Almeria,2,2,Sevilla,3.39,3.35,2.18,draw,2.18,3.35,3.39,3.35,-10.0,23.5,-10.0,-10.0,23.5,-10.0,-402.0,281.1,-724.9,-1.6,-23.6,-820.6,draw,23.5,-391.5
2024-03-15,20:00:00,Real Sociedad,2,0,Cadiz CF,1.42,4.14,9.5,home_win,1.42,4.14,9.5,1.42,4.2,-10.0,-10.0,4.2,-10.0,-10.0,-397.8,271.1,-734.9,2.6,-33.6,-830.6,away_win,-10.0,-401.5
2024-03-16,13:00:00,Mallorca,1,0,Granada CF,1.81,3.31,5.05,home_win,1.81,3.31,5.05,1.81,8.1,-10.0,-10.0,8.1,-10.0,-10.0,-389.7,261.1,-744.9,10.7,-43.6,-840.6,away_win,-10.0,-411.5
2024-03-16,15:15:00,Osasuna,2,4,Real Madrid,6.93,4.4,1.47,away_win,1.47,4.4,6.93,1.47,-10.0,-10.0,4.7,4.7,-10.0,-10.0,-399.7,251.1,-740.2,15.4,-53.6,-850.6,home_win,-10.0,-421.5
2024-03-16,17:30:00,Getafe,1,0,Girona,3.55,3.37,2.1,home_win,2.1,3.37,3.55,3.55,25.5,-10.0,-10.0,-10.0,-10.0,25.5,-374.2,241.1,-750.2,5.4,-63.6,-825.1,away_win,-10.0,-431.5
2024-03-16,20:00:00,Ath Bilbao,2,0,Alaves,1.58,3.78,6.5,home_win,1.58,3.78,6.5,1.58,5.8,-10.0,-10.0,5.8,-10.0,-10.0,-368.4,231.1,-760.2,11.2,-73.6,-835.1,away_win,-10.0,-441.5
2024-03-17,20:00:00,Atl. Madrid,0,3,Barcelona,2.22,3.49,3.18,away_win,2.22,3.18,3.49,3.18,-10.0,-10.0,21.8,-10.0,21.8,-10.0,-378.4,221.1,-738.4,1.2,-51.8,-845.1,draw,-10.0,-451.5
2024-03-17,17:30:00,Rayo Vallecano,2,0,Betis,2.54,3.07,3.02,home_win,2.54,3.02,3.07,2.54,15.4,-10.0,-10.0,15.4,-10.0,-10.0,-363.0,211.1,-748.4,16.6,-61.8,-855.1,away_win,-10.0,-461.5
2024-03-17,13:00:00,Sevilla,1,2,Celta Vigo,1.94,3.54,3.94,away_win,1.94,3.54,3.94,3.94,-10.0,-10.0,29.4,-10.0,-10.0,29.4,-373.0,201.1,-719.0,6.6,-71.8,-825.7,away_win,29.4,-432.1
2024-03-17,15:15:00,Villarreal,1,0,Valencia,2.19,3.35,3.37,home_win,2.19,3.35,3.37,2.19,11.9,-10.0,-10.0,11.9,-10.0,-10.0,-361.1,191.1,-729.0,18.5,-81.8,-835.7,draw,-10.0,-442.1
2024-03-17,15:15:00,Las Palmas,0,1,Almeria,1.77,3.81,4.47,away_win,1.77,3.81,4.47,4.47,-10.0,-10.0,34.7,-10.0,-10.0,34.7,-371.1,181.1,-694.3,8.5,-91.8,-801.0,draw,-10.0,-452.1
2024-03-29,20:00:00,Cadiz CF,1,0,Granada CF,1.9,3.19,4.76,home_win,1.9,3.19,4.76,1.9,9.0,-10.0,-10.0,9.0,-10.0,-10.0,-362.1,171.1,-704.3,17.5,-101.8,-811.0,home_win,9.0,-443.1
2024-03-30,13:00:00,Getafe,0,1,Sevilla,2.6,3.04,2.96,away_win,2.6,2.96,3.04,2.96,-10.0,-10.0,19.6,-10.0,19.6,-10.0,-372.1,161.1,-684.7,7.5,-82.2,-821.0,away_win,19.6,-423.5
2024-03-30,15:15:00,Almeria,0,3,Osasuna,2.48,3.22,2.96,away_win,2.48,2.96,3.22,2.96,-10.0,-10.0,19.6,-10.0,19.6,-10.0,-382.1,151.1,-665.1,-2.5,-62.6,-831.0,home_win,-10.0,-433.5
2024-03-30,17:30:00,Valencia,0,0,Mallorca,2.14,2.98,4.02,draw,2.14,2.98,4.02,2.98,-10.0,19.8,-10.0,-10.0,19.8,-10.0,-392.1,170.9,-675.1,-12.5,-42.8,-841.0,home_win,-10.0,-443.5
2024-03-30,20:00:00,Barcelona,1,0,Las Palmas,1.26,6.36,10.71,home_win,1.26,6.36,10.71,1.26,2.6,-10.0,-10.0,2.6,-10.0,-10.0,-389.5,160.9,-685.1,-9.9,-52.8,-851.0,home_win,2.6,-440.9
2024-03-31,20:00:00,Real Madrid,2,0,Ath Bilbao,1.58,4.17,5.73,home_win,1.58,4.17,5.73,1.58,5.8,-10.0,-10.0,5.8,-10.0,-10.0,-383.7,150.9,-695.1,-4.1,-62.8,-861.0,away_win,-10.0,-450.9
2024-03-31,17:30:00,Alaves,0,1,Real Sociedad,3.96,2.99,2.17,away_win,2.17,2.99,3.96,2.17,-10.0,-10.0,11.7,11.7,-10.0,-10.0,-393.7,140.9,-683.4,7.6,-72.8,-871.0,home_win,-10.0,-460.9
2024-03-31,15:15:00,Girona,3,2,Betis,1.72,3.98,4.6,home_win,1.72,3.98,4.6,1.72,7.2,-10.0,-10.0,7.2,-10.0,-10.0,-386.5,130.9,-693.4,14.8,-82.8,-881.0,home_win,7.2,-453.7
2024-03-31,13:00:00,Celta Vigo,0,0,Rayo Vallecano,1.92,3.47,4.15,draw,1.92,3.47,4.15,3.47,-10.0,24.7,-10.0,-10.0,24.7,-10.0,-396.5,155.6,-703.4,4.8,-58.1,-891.0,away_win,-10.0,-463.7
2024-04-01,20:00:00,Villarreal,1,2,Atl. Madrid,3.26,3.59,2.14,away_win,2.14,3.26,3.59,2.14,-10.0,-10.0,11.4,11.4,-10.0,-10.0,-406.5,145.6,-692.0,16.2,-68.1,-901.0,draw,-10.0,-473.7
2024-04-04,19:00:00,Granada CF,0,1,Valencia,3.09,3.1,2.46,away_win,2.46,3.09,3.1,2.46,-10.0,-10.0,14.6,14.6,-10.0,-10.0,-416.5,135.6,-677.4,30.8,-78.1,-911.0,draw,-10.0,-483.7
2024-04-12,20:00:00,Betis,2,1,Celta Vigo,1.93,3.48,4.09,home_win,1.93,3.48,4.09,1.93,9.3,-10.0,-10.0,9.3,-10.0,-10.0,-407.2,125.6,-687.4,40.1,-88.1,-921.0,draw,-10.0,-493.7
2024-04-13,13:00:00,Atl. Madrid,3,1,Girona,1.89,3.77,3.91,home_win,1.89,3.77,3.91,1.89,8.9,-10.0,-10.0,8.9,-10.0,-10.0,-398.3,115.6,-697.4,49.0,-98.1,-931.0,away_win,-10.0,-503.7
2024-04-13,15:15:00,Rayo Vallecano,0,0,Getafe,2.41,2.99,3.34,draw,2.41,2.99,3.34,2.99,-10.0,19.9,-10.0,-10.0,19.9,-10.0,-408.3,135.5,-707.4,39.0,-78.2,-941.0,draw,19.9,-483.8
2024-04-13,17:30:00,Mallorca,0,1,Real Madrid,4.96,3.55,1.76,away_win,1.76,3.55,4.96,1.76,-10.0,-10.0,7.6,7.6,-10.0,-10.0,-418.3,125.5,-699.8,46.6,-88.2,-951.0,draw,-10.0,-493.8
2024-04-13,20:00:00,Cadiz CF,0,1,Barcelona,3.61,3.38,2.08,away_win,2.08,3.38,3.61,2.08,-10.0,-10.0,10.8,10.8,-10.0,-10.0,-428.3,115.5,-689.0,57.4,-98.2,-961.0,away_win,10.8,-483.0
2024-04-14,13:00:00,Las Palmas,0,2,Sevilla,2.78,3.22,2.62,away_win,2.62,2.78,3.22,2.62,-10.0,-10.0,16.2,16.2,-10.0,-10.0,-438.3,105.5,-672.8,73.6,-108.2,-971.0,away_win,16.2,-466.8
2024-04-14,15:15:00,Granada CF,2,0,Alaves,2.68,3.05,2.85,home_win,2.68,2.85,3.05,2.68,16.8,-10.0,-10.0,16.8,-10.0,-10.0,-421.5,95.5,-682.8,90.4,-118.2,-981.0,home_win,16.8,-450.0
2024-04-14,17:30:00,Ath Bilbao,1,1,Villarreal,1.6,4.15,5.36,draw,1.6,4.15,5.36,4.15,-10.0,31.5,-10.0,-10.0,31.5,-10.0,-431.5,127.0,-692.8,80.4,-86.7,-991.0,draw,31.5,-418.5
2024-04-14,20:00:00,Real Sociedad,2,2,Almeria,1.3,5.4,10.77,draw,1.3,5.4,10.77,5.4,-10.0,44.0,-10.0,-10.0,44.0,-10.0,-441.5,171.0,-702.8,70.4,-42.7,-1001.0,draw,44.0,-374.5
2024-04-15,20:00:00,Osasuna,0,1,Valencia,2.37,2.98,3.38,away_win,2.37,2.98,3.38,3.38,-10.0,-10.0,23.8,-10.0,-10.0,23.8,-451.5,161.0,-679.0,60.4,-52.7,-977.2,draw,-10.0,-384.5
2024-04-19,20:00:00,Ath Bilbao,1,1,Granada CF,1.29,5.52,11.33,draw,1.29,5.52,11.33,5.52,-10.0,45.2,-10.0,-10.0,45.2,-10.0,-461.5,206.2,-689.0,50.4,-7.5,-987.2,home_win,-10.0,-394.5
2024-04-20,15:15:00,Rayo Vallecano,2,1,Osasuna,2.09,3.08,4.06,home_win,2.09,3.08,4.06,2.09,10.9,-10.0,-10.0,10.9,-10.0,-10.0,-450.6,196.2,-699.0,61.3,-17.5,-997.2,home_win,10.9,-383.6
2024-04-20,17:30:00,Valencia,1,2,Betis,2.71,3.01,2.85,away_win,2.71,2.85,3.01,2.85,-10.0,-10.0,18.5,-10.0,18.5,-10.0,-460.6,186.2,-680.5,51.3,1.0,-1007.2,draw,-10.0,-393.6
2024-04-20,20:00:00,Girona,4,1,Cadiz CF,1.39,4.86,8.06,home_win,1.39,4.86,8.06,1.39,3.9,-10.0,-10.0,3.9,-10.0,-10.0,-456.7,176.2,-690.5,55.2,-9.0,-1017.2,home_win,3.9,-389.7
2024-04-20,13:00:00,Celta Vigo,4,1,Las Palmas,1.65,3.85,5.33,home_win,1.65,3.85,5.33,1.65,6.5,-10.0,-10.0,6.5,-10.0,-10.0,-450.2,166.2,-700.5,61.7,-19.0,-1027.2,away_win,-10.0,-399.7
2024-04-21,13:00:00,Getafe,1,1,Real Sociedad,3.76,3.03,2.2,draw,2.2,3.03,3.76,3.03,-10.0,20.3,-10.0,-10.0,20.3,-10.0,-460.2,186.5,-710.5,51.7,1.3,-1037.2,home_win,-10.0,-409.7
2024-04-21,15:15:00,Almeria,1,2,Villarreal,3.46,3.95,1.97,away_win,1.97,3.46,3.95,1.97,-10.0,-10.0,9.7,9.7,-10.0,-10.0,-470.2,176.5,-700.8,61.4,-8.7,-1047.2,home_win,-10.0,-419.7
2024-04-21,17:30:00,Alaves,2,0,Atl. Madrid,4.86,3.45,1.8,home_win,1.8,3.45,4.86,4.86,38.6,-10.0,-10.0,-10.0,-10.0,38.6,-431.6,166.5,-710.8,51.4,-18.7,-1008.6,draw,-10.0,-429.7
2024-04-21,20:00:00,Real Madrid,3,2,Barcelona,1.74,4.22,4.29,home_win,1.74,4.22,4.29,1.74,7.4,-10.0,-10.0,7.4,-10.0,-10.0,-424.2,156.5,-720.8,58.8,-28.7,-1018.6,away_win,-10.0,-439.7
2024-04-22,20:00:00,Sevilla,2,1,Mallorca,2.07,3.1,4.04,home_win,2.07,3.1,4.04,2.07,10.7,-10.0,-10.0,10.7,-10.0,-10.0,-413.5,146.5,-730.8,69.5,-38.7,-1028.6,home_win,10.7,-429.0
2024-04-26,20:00:00,Real Sociedad,0,1,Real Madrid,2.31,3.19,3.25,away_win,2.31,3.19,3.25,3.25,-10.0,-10.0,22.5,-10.0,-10.0,22.5,-423.5,136.5,-708.3,59.5,-48.7,-1006.1,away_win,22.5,-406.5
2024-04-27,20:00:00,Atl. Madrid,3,1,Ath Bilbao,1.95,3.43,4.04,home_win,1.95,3.43,4.04,1.95,9.5,-10.0,-10.0,9.5,-10.0,-10.0,-414.0,126.5,-718.3,69.0,-58.7,-1016.1,away_win,-10.0,-416.5
2024-04-27,17:30:00,Alaves,3,0,Celta Vigo,2.63,3.1,2.87,home_win,2.63,2.87,3.1,2.63,16.3,-10.0,-10.0,16.3,-10.0,-10.0,-397.7,116.5,-728.3,85.3,-68.7,-1026.1,away_win,-10.0,-426.5
2024-04-27,13:00:00,Las Palmas,0,2,Girona,4.85,4.03,1.67,away_win,1.67,4.03,4.85,1.67,-10.0,-10.0,6.7,6.7,-10.0,-10.0,-407.7,106.5,-721.6,92.0,-78.7,-1036.1,away_win,6.7,-419.8
2024-04-27,15:15:00,Almeria,1,3,Getafe,2.54,3.23,2.87,away_win,2.54,2.87,3.23,2.87,-10.0,-10.0,18.7,-10.0,18.7,-10.0,-417.7,96.5,-702.9,82.0,-60.0,-1046.1,home_win,-10.0,-429.8
2024-04-28,15:15:00,Granada CF,3,0,Osasuna,2.36,3.09,3.29,home_win,2.36,3.09,3.29,2.36,13.6,-10.0,-10.0,13.6,-10.0,-10.0,-404.1,86.5,-712.9,95.6,-70.0,-1056.1,home_win,13.6,-416.2
2024-04-28,17:30:00,Villarreal,3,0,Rayo Vallecano,1.78,3.71,4.57,home_win,1.78,3.71,4.57,1.78,7.8,-10.0,-10.0,7.8,-10.0,-10.0,-396.3,76.5,-722.9,103.4,-80.0,-1066.1,home_win,7.8,-408.4
2024-04-28,20:00:00,Betis,1,1,Sevilla,1.99,3.38,3.9,draw,1.99,3.38,3.9,3.38,-10.0,23.8,-10.0,-10.0,23.8,-10.0,-406.3,100.3,-732.9,93.4,-56.2,-1076.1,draw,23.8,-384.6
2024-04-28,13:00:00,Cadiz CF,1,1,Mallorca,2.75,2.79,3.03,draw,2.75,2.79,3.03,2.79,-10.0,17.9,-10.0,-10.0,17.9,-10.0,-416.3,118.2,-742.9,83.4,-38.3,-1086.1,away_win,-10.0,-394.6
2024-04-29,20:00:00,Barcelona,4,2,Valencia,1.31,5.65,9.02,home_win,1.31,5.65,9.02,1.31,3.1,-10.0,-10.0,3.1,-10.0,-10.0,-413.2,108.2,-752.9,86.5,-48.3,-1096.1,draw,-10.0,-404.6
2024-05-03,20:00:00,Getafe,0,2,Ath Bilbao,3.81,3.13,2.12,away_win,2.12,3.13,3.81,2.12,-10.0,-10.0,11.2,11.2,-10.0,-10.0,-423.2,98.2,-741.7,97.7,-58.3,-1106.1,home_win,-10.0,-414.6
2024-05-04,13:00:00,Real Sociedad,2,0,Las Palmas,1.32,5.0,10.79,home_win,1.32,5.0,10.79,1.32,3.2,-10.0,-10.0,3.2,-10.0,-10.0,-420.0,88.2,-751.7,100.9,-68.3,-1116.1,home_win,3.2,-411.4
2024-05-04,15:15:00,Real Madrid,3,0,Cadiz CF,1.36,4.86,9.06,home_win,1.36,4.86,9.06,1.36,3.6,-10.0,-10.0,3.6,-10.0,-10.0,-416.4,78.2,-761.7,104.5,-78.3,-1126.1,draw,-10.0,-421.4
2024-05-04,17:30:00,Girona,4,2,Barcelona,2.8,3.76,2.34,home_win,2.34,2.8,3.76,2.8,18.0,-10.0,-10.0,-10.0,18.0,-10.0,-398.4,68.2,-771.7,94.5,-60.3,-1136.1,home_win,18.0,-403.4
2024-05-04,20:00:00,Mallorca,0,1,Atl. Madrid,3.84,3.05,2.15,away_win,2.15,3.05,3.84,2.15,-10.0,-10.0,11.5,11.5,-10.0,-10.0,-408.4,58.2,-760.2,106.0,-70.3,-1146.1,draw,-10.0,-413.4
2024-05-05,20:00:00,Sevilla,3,0,Granada CF,1.69,3.91,4.98,home_win,1.69,3.91,4.98,1.69,6.9,-10.0,-10.0,6.9,-10.0,-10.0,-401.5,48.2,-770.2,112.9,-80.3,-1156.1,home_win,6.9,-406.5
2024-05-05,17:30:00,Valencia,0,1,Alaves,2.21,3.05,3.68,away_win,2.21,3.05,3.68,3.68,-10.0,-10.0,26.8,-10.0,-10.0,26.8,-411.5,38.2,-743.4,102.9,-90.3,-1129.3,draw,-10.0,-416.5
2024-05-05,20:00:00,Rayo Vallecano,0,1,Almeria,1.64,3.87,5.52,away_win,1.64,3.87,5.52,5.52,-10.0,-10.0,45.2,-10.0,-10.0,45.2,-421.5,28.2,-698.2,92.9,-100.3,-1084.1,draw,-10.0,-426.5
2024-05-05,15:15:00,Celta Vigo,3,2,Villarreal,2.66,3.6,2.51,home_win,2.51,2.66,3.6,2.66,16.6,-10.0,-10.0,-10.0,16.6,-10.0,-404.9,18.2,-708.2,82.9,-83.7,-1094.1,home_win,16.6,-409.9
2024-05-05,13:00:00,Osasuna,0,2,Betis,3.31,3.18,2.3,away_win,2.3,3.18,3.31,2.3,-10.0,-10.0,13.0,13.0,-10.0,-10.0,-414.9,8.2,-695.2,95.9,-93.7,-1104.1,away_win,13.0,-396.9
2024-05-10,20:00:00,Alaves,2,2,Girona,3.17,3.56,2.21,draw,2.21,3.17,3.56,3.56,-10.0,25.6,-10.0,-10.0,-10.0,25.6,-424.9,33.8,-705.2,85.9,-103.7,-1078.5,draw,25.6,-371.3
2024-05-11,20:00:00,Ath Bilbao,2,2,Osasuna,1.4,4.54,8.43,draw,1.4,4.54,8.43,4.54,-10.0,35.4,-10.0,-10.0,35.4,-10.0,-434.9,69.2,-715.2,75.9,-68.3,-1088.5,draw,35.4,-335.9
2024-05-11,17:30:00,Granada CF,0,4,Real Madrid,5.53,4.48,1.55,away_win,1.55,4.48,5.53,1.55,-10.0,-10.0,5.5,5.5,-10.0,-10.0,-444.9,59.2,-709.7,81.4,-78.3,-1098.5,away_win,5.5,-330.4
2024-05-11,15:15:00,Villarreal,3,2,Sevilla,1.96,3.79,3.6,home_win,1.96,3.6,3.79,1.96,9.6,-10.0,-10.0,9.6,-10.0,-10.0,-435.3,49.2,-719.7,91.0,-88.3,-1108.5,home_win,9.6,-320.8
2024-05-11,13:00:00,Mallorca,1,0,Las Palmas,1.63,3.55,6.38,home_win,1.63,3.55,6.38,1.63,6.3,-10.0,-10.0,6.3,-10.0,-10.0,-429.0,39.2,-729.7,97.3,-98.3,-1118.5,away_win,-10.0,-330.8
2024-05-12,15:15:00,Atl. Madrid,1,0,Celta Vigo,1.39,4.97,7.62,home_win,1.39,4.97,7.62,1.39,3.9,-10.0,-10.0,3.9,-10.0,-10.0,-425.1,29.2,-739.7,101.2,-108.3,-1128.5,draw,-10.0,-340.8
2024-05-12,17:30:00,Valencia,0,0,Rayo Vallecano,2.26,3.09,3.52,draw,2.26,3.09,3.52,3.09,-10.0,20.9,-10.0,-10.0,20.9,-10.0,-435.1,50.1,-749.7,91.2,-87.4,-1138.5,away_win,-10.0,-350.8
2024-05-12,20:00:00,Betis,3,2,Almeria,1.38,5.14,7.48,home_win,1.38,5.14,7.48,1.38,3.8,-10.0,-10.0,3.8,-10.0,-10.0,-431.3,40.1,-759.7,95.0,-97.4,-1148.5,home_win,3.8,-347.0
2024-05-12,13:00:00,Cadiz CF,1,0,Getafe,2.09,3.14,3.91,home_win,2.09,3.14,3.91,2.09,10.9,-10.0,-10.0,10.9,-10.0,-10.0,-420.4,30.1,-769.7,105.9,-107.4,-1158.5,away_win,-10.0,-357.0
2024-05-13,20:00:00,Barcelona,2,0,Real Sociedad,1.69,3.92,4.9,home_win,1.69,3.92,4.9,1.69,6.9,-10.0,-10.0,6.9,-10.0,-10.0,-413.5,20.1,-779.7,112.8,-117.4,-1168.5,draw,-10.0,-367.0
2024-05-14,21:00:00,Girona,0,1,Villarreal,1.66,4.53,4.41,away_win,1.66,4.41,4.53,4.41,-10.0,-10.0,34.1,-10.0,34.1,-10.0,-423.5,10.1,-745.6,102.8,-83.3,-1178.5,away_win,34.1,-332.9
2024-05-14,20:30:00,Real Madrid,5,0,Alaves,1.21,6.94,13.17,home_win,1.21,6.94,13.17,1.21,2.1,-10.0,-10.0,2.1,-10.0,-10.0,-421.4,0.1,-755.6,104.9,-93.3,-1188.5,away_win,-10.0,-342.9
2024-05-14,18:30:00,Osasuna,1,1,Mallorca,2.74,2.86,2.98,draw,2.74,2.86,2.98,2.86,-10.0,18.6,-10.0,-10.0,18.6,-10.0,-431.4,18.7,-765.6,94.9,-74.7,-1198.5,draw,18.6,-324.3
2024-05-15,21:00:00,Getafe,0,3,Atl. Madrid,4.97,3.68,1.74,away_win,1.74,3.68,4.97,1.74,-10.0,-10.0,7.4,7.4,-10.0,-10.0,-441.4,8.7,-758.2,102.3,-84.7,-1208.5,away_win,7.4,-316.9
2024-05-15,21:00:00,Celta Vigo,2,1,Ath Bilbao,2.28,3.3,3.23,home_win,2.28,3.23,3.3,2.28,12.8,-10.0,-10.0,12.8,-10.0,-10.0,-428.6,-1.3,-768.2,115.1,-94.7,-1218.5,away_win,-10.0,-326.9
2024-05-15,18:30:00,Sevilla,0,1,Cadiz CF,2.12,3.37,3.5,away_win,2.12,3.37,3.5,3.5,-10.0,-10.0,25.0,-10.0,-10.0,25.0,-438.6,-11.3,-743.2,105.1,-104.7,-1193.5,home_win,-10.0,-336.9
2024-05-15,18:30:00,Rayo Vallecano,2,1,Granada CF,1.51,4.08,6.9,home_win,1.51,4.08,6.9,1.51,5.1,-10.0,-10.0,5.1,-10.0,-10.0,-433.5,-21.3,-753.2,110.2,-114.7,-1203.5,home_win,5.1,-331.8
2024-05-16,21:00:00,Real Sociedad,1,0,Valencia,1.47,4.12,7.51,home_win,1.47,4.12,7.51,1.47,4.7,-10.0,-10.0,4.7,-10.0,-10.0,-428.8,-31.3,-763.2,114.9,-124.7,-1213.5,draw,-10.0,-341.8
2024-05-16,20:30:00,Almeria,0,2,Barcelona,7.23,5.35,1.38,away_win,1.38,5.35,7.23,1.38,-10.0,-10.0,3.8,3.8,-10.0,-10.0,-438.8,-41.3,-759.4,118.7,-134.7,-1223.5,draw,-10.0,-351.8
2024-05-16,18:30:00,Las Palmas,2,2,Betis,3.12,3.26,2.35,draw,2.35,3.12,3.26,3.26,-10.0,22.6,-10.0,-10.0,-10.0,22.6,-448.8,-18.7,-769.4,108.7,-144.7,-1200.9,home_win,-10.0,-361.8
2024-05-18,20:00:00,Alaves,1,0,Getafe,1.92,3.36,4.29,home_win,1.92,3.36,4.29,1.92,9.2,-10.0,-10.0,9.2,-10.0,-10.0,-439.6,-28.7,-779.4,117.9,-154.7,-1210.9,draw,-10.0,-371.8
2024-05-19,18:00:00,Mallorca,2,2,Almeria,1.38,4.54,9.35,draw,1.38,4.54,9.35,4.54,-10.0,35.4,-10.0,-10.0,35.4,-10.0,-449.6,6.7,-789.4,107.9,-119.3,-1220.9,home_win,-10.0,-381.8
2024-05-19,18:00:00,Valencia,1,3,Girona,3.72,3.71,1.95,away_win,1.95,3.71,3.72,1.95,-10.0,-10.0,9.5,9.5,-10.0,-10.0,-459.6,-3.3,-779.9,117.4,-129.3,-1230.9,home_win,-10.0,-391.8
2024-05-19,18:00:00,Villarreal,4,4,Real Madrid,3.01,3.9,2.16,draw,2.16,3.01,3.9,3.9,-10.0,29.0,-10.0,-10.0,-10.0,29.0,-469.6,25.7,-789.9,107.4,-139.3,-1201.9,home_win,-10.0,-401.8
2024-05-19,18:00:00,Ath Bilbao,2,0,Sevilla,1.56,4.19,5.85,home_win,1.56,4.19,5.85,1.56,5.6,-10.0,-10.0,5.6,-10.0,-10.0,-464.0,15.7,-799.9,113.0,-149.3,-1211.9,home_win,5.6,-396.2
2024-05-19,18:00:00,Barcelona,3,0,Rayo Vallecano,1.32,5.6,8.92,home_win,1.32,5.6,8.92,1.32,3.2,-10.0,-10.0,3.2,-10.0,-10.0,-460.8,5.7,-809.9,116.2,-159.3,-1221.9,home_win,3.2,-393.0
2024-05-19,18:00:00,Granada CF,1,2,Celta Vigo,3.78,3.43,2.03,away_win,2.03,3.43,3.78,2.03,-10.0,-10.0,10.3,10.3,-10.0,-10.0,-470.8,-4.3,-799.6,126.5,-169.3,-1231.9,away_win,10.3,-382.7
2024-05-19,18:00:00,Cadiz CF,0,0,Las Palmas,1.88,3.38,4.48,draw,1.88,3.38,4.48,3.38,-10.0,23.8,-10.0,-10.0,23.8,-10.0,-480.8,19.5,-809.6,116.5,-145.5,-1241.9,home_win,-10.0,-392.7
2024-05-19,18:00:00,Betis,0,2,Real Sociedad,3.32,2.95,2.43,away_win,2.43,2.95,3.32,2.43,-10.0,-10.0,14.3,14.3,-10.0,-10.0,-490.8,9.5,-795.3,130.8,-155.5,-1251.9,home_win,-10.0,-402.7
2024-05-19,18:00:00,Atl. Madrid,1,4,Osasuna,1.31,5.43,9.85,away_win,1.31,5.43,9.85,9.85,-10.0,-10.0,88.5,-10.0,-10.0,88.5,-500.8,-0.5,-706.8,120.8,-165.5,-1163.4,home_win,-10.0,-412.7
2024-05-24,20:00:00,Girona,7,0,Granada CF,1.21,7.06,11.79,home_win,1.21,7.06,11.79,1.21,2.1,-10.0,-10.0,2.1,-10.0,-10.0,-498.7,-10.5,-716.8,122.9,-175.5,-1173.4,away_win,-10.0,-422.7
2024-05-25,17:30:00,Rayo Vallecano,0,1,Ath Bilbao,3.12,3.25,2.36,away_win,2.36,3.12,3.25,2.36,-10.0,-10.0,13.6,13.6,-10.0,-10.0,-508.7,-20.5,-703.2,136.5,-185.5,-1183.4,away_win,13.6,-409.1
2024-05-25,15:15:00,Real Sociedad,0,2,Atl. Madrid,2.61,3.3,2.74,away_win,2.61,2.74,3.3,2.74,-10.0,-10.0,17.4,-10.0,17.4,-10.0,-518.7,-30.5,-685.8,126.5,-168.1,-1193.4,away_win,17.4,-391.7
2024-05-25,13:00:00,Osasuna,1,1,Villarreal,2.53,3.65,2.56,draw,2.53,2.56,3.65,3.65,-10.0,26.5,-10.0,-10.0,-10.0,26.5,-528.7,-4.0,-695.8,116.5,-178.1,-1166.9,away_win,-10.0,-401.7
2024-05-25,17:30:00,Almeria,6,1,Cadiz CF,2.08,3.72,3.3,home_win,2.08,3.3,3.72,2.08,10.8,-10.0,-10.0,10.8,-10.0,-10.0,-517.9,-14.0,-705.8,127.3,-188.1,-1176.9,draw,-10.0,-411.7
2024-05-25,20:00:00,Real Madrid,0,0,Betis,1.22,7.12,11.54,draw,1.22,7.12,11.54,7.12,-10.0,61.2,-10.0,-10.0,61.2,-10.0,-527.9,47.2,-715.8,117.3,-126.9,-1186.9,away_win,-10.0,-421.7
2024-05-26,15:15:00,Las Palmas,1,1,Alaves,2.32,3.43,3.02,draw,2.32,3.02,3.43,3.43,-10.0,24.3,-10.0,-10.0,-10.0,24.3,-537.9,71.5,-725.8,107.3,-136.9,-1162.6,draw,24.3,-397.4
2024-05-26,15:15:00,Celta Vigo,2,2,Valencia,1.93,3.64,3.86,draw,1.93,3.64,3.86,3.64,-10.0,26.4,-10.0,-10.0,26.4,-10.0,-547.9,97.9,-735.8,97.3,-110.5,-1172.6,draw,26.4,-371.0
2024-05-26,13:00:00,Getafe,1,2,Mallorca,2.32,3.16,3.28,away_win,2.32,3.16,3.28,3.28,-10.0,-10.0,22.8,-10.0,-10.0,22.8,-557.9,87.9,-713.0,87.3,-120.5,-1149.8,home_win,-10.0,-381.0
2024-05-26,20:00:00,Sevilla,1,2,Barcelona,4.49,4.26,1.69,away_win,1.69,4.26,4.49,1.69,-10.0,-10.0,6.9,6.9,-10.0,-10.0,-567.9,77.9,-706.1,94.2,-130.5,-1159.8,draw,-10.0,-391.0
